** Drc report for PCB.kicad_pcb **
** Created on 2026-04-08T17:44:42 **
** Report includes: Errors, Warnings **

** Found 444 DRC violations **
[starved_thermal]: Thermal relief connection to zone incomplete (layer B.Cu; zone min spoke count 2; actual 1)
    Local override; error
    @(131.5000 mm, 57.1735 mm): Zone 'GND pour' [GND] on F.Cu, B.Cu and 3 more, priority 0
    @(141.6300 mm, 124.5000 mm): PTH pad 29 [GND] of U2
[starved_thermal]: Thermal relief connection to zone incomplete (layer B.Cu; zone min spoke count 2; actual 1)
    Local override; error
    @(131.5000 mm, 57.1735 mm): Zone 'GND pour' [GND] on F.Cu, B.Cu and 3 more, priority 0
    @(140.6300 mm, 124.5000 mm): PTH pad 29 [GND] of U2
[starved_thermal]: Thermal relief connection to zone incomplete (layer B.Cu; zone min spoke count 2; actual 1)
    Local override; error
    @(131.5000 mm, 57.1735 mm): Zone 'GND pour' [GND] on F.Cu, B.Cu and 3 more, priority 0
    @(139.6300 mm, 124.5000 mm): PTH pad 29 [GND] of U2
[starved_thermal]: Thermal relief connection to zone incomplete (layer B.Cu; zone min spoke count 2; actual 1)
    Local override; error
    @(131.5000 mm, 57.1735 mm): Zone 'GND pour' [GND] on F.Cu, B.Cu and 3 more, priority 0
    @(140.6300 mm, 125.5000 mm): PTH pad 29 [GND] of U2
[starved_thermal]: Thermal relief connection to zone incomplete (layer B.Cu; zone min spoke count 2; actual 1)
    Local override; error
    @(131.5000 mm, 57.1735 mm): Zone 'GND pour' [GND] on F.Cu, B.Cu and 3 more, priority 0
    @(139.6300 mm, 125.5000 mm): PTH pad 29 [GND] of U2
[starved_thermal]: Thermal relief connection to zone incomplete (layer B.Cu; zone min spoke count 2; actual 1)
    Local override; error
    @(131.5000 mm, 57.1735 mm): Zone 'GND pour' [GND] on F.Cu, B.Cu and 3 more, priority 0
    @(140.6300 mm, 126.5000 mm): PTH pad 29 [GND] of U2
[starved_thermal]: Thermal relief connection to zone incomplete (layer F.Cu; zone min spoke count 2; actual 1)
    Local override; error
    @(131.5000 mm, 57.1735 mm): Zone 'GND pour' [GND] on F.Cu, B.Cu and 3 more, priority 0
    @(147.2500 mm, 105.0000 mm): Pad D8 [GND] of U1 on F.Cu
[starved_thermal]: Thermal relief connection to zone incomplete (layer B.Cu; zone min spoke count 2; actual 1)
    Local override; error
    @(131.5000 mm, 57.1735 mm): Zone 'GND pour' [GND] on F.Cu, B.Cu and 3 more, priority 0
    @(149.5750 mm, 67.6500 mm): Pad 5 [GND] of J2 on B.Cu
[starved_thermal]: Thermal relief connection to zone incomplete (layer In1.Cu (GND); zone min spoke count 2; actual 1)
    Local override; error
    @(131.5000 mm, 57.1735 mm): Zone 'GND pour' [GND] on F.Cu, B.Cu and 3 more, priority 0
    @(140.6300 mm, 124.5000 mm): PTH pad 29 [GND] of U2
[starved_thermal]: Thermal relief connection to zone incomplete (layer In1.Cu (GND); zone min spoke count 2; actual 1)
    Local override; error
    @(131.5000 mm, 57.1735 mm): Zone 'GND pour' [GND] on F.Cu, B.Cu and 3 more, priority 0
    @(139.6300 mm, 124.5000 mm): PTH pad 29 [GND] of U2
[starved_thermal]: Thermal relief connection to zone incomplete (layer In1.Cu (GND); zone min spoke count 2; actual 1)
    Local override; error
    @(131.5000 mm, 57.1735 mm): Zone 'GND pour' [GND] on F.Cu, B.Cu and 3 more, priority 0
    @(141.6300 mm, 125.5000 mm): PTH pad 29 [GND] of U2
[starved_thermal]: Thermal relief connection to zone incomplete (layer In1.Cu (GND); zone min spoke count 2; actual 1)
    Local override; error
    @(131.5000 mm, 57.1735 mm): Zone 'GND pour' [GND] on F.Cu, B.Cu and 3 more, priority 0
    @(141.6300 mm, 126.5000 mm): PTH pad 29 [GND] of U2
[starved_thermal]: Thermal relief connection to zone incomplete (layer In1.Cu (GND); zone min spoke count 2; actual 1)
    Local override; error
    @(131.5000 mm, 57.1735 mm): Zone 'GND pour' [GND] on F.Cu, B.Cu and 3 more, priority 0
    @(140.6300 mm, 126.5000 mm): PTH pad 29 [GND] of U2
[starved_thermal]: Thermal relief connection to zone incomplete (layer In2.Cu ; zone min spoke count 2; actual 1)
    Local override; error
    @(131.5000 mm, 57.1735 mm): Zone 'GND pour' [GND] on F.Cu, B.Cu and 3 more, priority 0
    @(140.6300 mm, 124.5000 mm): PTH pad 29 [GND] of U2
[starved_thermal]: Thermal relief connection to zone incomplete (layer In2.Cu ; zone min spoke count 2; actual 1)
    Local override; error
    @(131.5000 mm, 57.1735 mm): Zone 'GND pour' [GND] on F.Cu, B.Cu and 3 more, priority 0
    @(139.6300 mm, 124.5000 mm): PTH pad 29 [GND] of U2
[starved_thermal]: Thermal relief connection to zone incomplete (layer In2.Cu ; zone min spoke count 2; actual 1)
    Local override; error
    @(131.5000 mm, 57.1735 mm): Zone 'GND pour' [GND] on F.Cu, B.Cu and 3 more, priority 0
    @(140.6300 mm, 125.5000 mm): PTH pad 29 [GND] of U2
[starved_thermal]: Thermal relief connection to zone incomplete (layer In2.Cu ; zone min spoke count 2; actual 1)
    Local override; error
    @(131.5000 mm, 57.1735 mm): Zone 'GND pour' [GND] on F.Cu, B.Cu and 3 more, priority 0
    @(139.6300 mm, 125.5000 mm): PTH pad 29 [GND] of U2
[starved_thermal]: Thermal relief connection to zone incomplete (layer In2.Cu ; zone min spoke count 2; actual 1)
    Local override; error
    @(131.5000 mm, 57.1735 mm): Zone 'GND pour' [GND] on F.Cu, B.Cu and 3 more, priority 0
    @(140.6300 mm, 126.5000 mm): PTH pad 29 [GND] of U2
[starved_thermal]: Thermal relief connection to zone incomplete (layer In2.Cu ; zone min spoke count 2; actual 1)
    Local override; error
    @(131.5000 mm, 57.1735 mm): Zone 'GND pour' [GND] on F.Cu, B.Cu and 3 more, priority 0
    @(139.6300 mm, 126.5000 mm): PTH pad 29 [GND] of U2
[starved_thermal]: Thermal relief connection to zone incomplete (layer In4.Cu (GND); zone min spoke count 2; actual 1)
    Local override; error
    @(131.5000 mm, 57.1735 mm): Zone 'GND pour' [GND] on F.Cu, B.Cu and 3 more, priority 0
    @(140.6300 mm, 124.5000 mm): PTH pad 29 [GND] of U2
[starved_thermal]: Thermal relief connection to zone incomplete (layer In4.Cu (GND); zone min spoke count 2; actual 1)
    Local override; error
    @(131.5000 mm, 57.1735 mm): Zone 'GND pour' [GND] on F.Cu, B.Cu and 3 more, priority 0
    @(139.6300 mm, 124.5000 mm): PTH pad 29 [GND] of U2
[starved_thermal]: Thermal relief connection to zone incomplete (layer In4.Cu (GND); zone min spoke count 2; actual 1)
    Local override; error
    @(131.5000 mm, 57.1735 mm): Zone 'GND pour' [GND] on F.Cu, B.Cu and 3 more, priority 0
    @(141.6300 mm, 125.5000 mm): PTH pad 29 [GND] of U2
[starved_thermal]: Thermal relief connection to zone incomplete (layer In4.Cu (GND); zone min spoke count 2; actual 1)
    Local override; error
    @(131.5000 mm, 57.1735 mm): Zone 'GND pour' [GND] on F.Cu, B.Cu and 3 more, priority 0
    @(141.6300 mm, 126.5000 mm): PTH pad 29 [GND] of U2
[starved_thermal]: Thermal relief connection to zone incomplete (layer In4.Cu (GND); zone min spoke count 2; actual 1)
    Local override; error
    @(131.5000 mm, 57.1735 mm): Zone 'GND pour' [GND] on F.Cu, B.Cu and 3 more, priority 0
    @(140.6300 mm, 126.5000 mm): PTH pad 29 [GND] of U2
[starved_thermal]: Thermal relief connection to zone incomplete (layer F.Cu; zone min spoke count 2; actual 1)
    Local override; error
    @(131.5000 mm, 57.1735 mm): Zone 'GND pour' [GND] on F.Cu, B.Cu and 3 more, priority 0
    @(140.6300 mm, 124.5000 mm): PTH pad 29 [GND] of U2
[starved_thermal]: Thermal relief connection to zone incomplete (layer F.Cu; zone min spoke count 2; actual 1)
    Local override; error
    @(131.5000 mm, 57.1735 mm): Zone 'GND pour' [GND] on F.Cu, B.Cu and 3 more, priority 0
    @(139.6300 mm, 124.5000 mm): PTH pad 29 [GND] of U2
[starved_thermal]: Thermal relief connection to zone incomplete (layer F.Cu; zone min spoke count 2; actual 1)
    Local override; error
    @(131.5000 mm, 57.1735 mm): Zone 'GND pour' [GND] on F.Cu, B.Cu and 3 more, priority 0
    @(140.6300 mm, 125.5000 mm): PTH pad 29 [GND] of U2
[starved_thermal]: Thermal relief connection to zone incomplete (layer F.Cu; zone min spoke count 2; actual 1)
    Local override; error
    @(131.5000 mm, 57.1735 mm): Zone 'GND pour' [GND] on F.Cu, B.Cu and 3 more, priority 0
    @(139.6300 mm, 125.5000 mm): PTH pad 29 [GND] of U2
[starved_thermal]: Thermal relief connection to zone incomplete (layer F.Cu; zone min spoke count 2; actual 1)
    Local override; error
    @(131.5000 mm, 57.1735 mm): Zone 'GND pour' [GND] on F.Cu, B.Cu and 3 more, priority 0
    @(140.6300 mm, 126.5000 mm): PTH pad 29 [GND] of U2
[starved_thermal]: Thermal relief connection to zone incomplete (layer F.Cu; zone min spoke count 2; actual 1)
    Local override; error
    @(131.5000 mm, 57.1735 mm): Zone 'GND pour' [GND] on F.Cu, B.Cu and 3 more, priority 0
    @(139.6300 mm, 126.5000 mm): PTH pad 29 [GND] of U2
[starved_thermal]: Thermal relief connection to zone incomplete (layer F.Cu; zone min spoke count 2; actual 1)
    Local override; error
    @(131.5000 mm, 57.1735 mm): Zone 'GND pour' [GND] on F.Cu, B.Cu and 3 more, priority 0
    @(133.4000 mm, 70.6300 mm): Pad 47 [GND] of U10 on F.Cu
[copper_edge_clearance]: Board edge clearance violation (board setup constraints edge clearance 0.2000 mm; actual 0.0000 mm)
    Rule: board setup constraints edge; error
    @(138.2250 mm, 140.2500 mm): Segment of J1 on Edge.Cuts
    @(153.0000 mm, 139.0000 mm): Pad 1 [GND] of J1 on F.Cu
[copper_edge_clearance]: Board edge clearance violation (board setup constraints edge clearance 0.2000 mm; actual 0.0000 mm)
    Rule: board setup constraints edge; error
    @(138.2250 mm, 140.2500 mm): Segment of J1 on Edge.Cuts
    @(152.7500 mm, 139.0000 mm): Pad 2 [+VM2_3V3] of J1 on B.Cu
[copper_edge_clearance]: Board edge clearance violation (board setup constraints edge clearance 0.2000 mm; actual 0.0000 mm)
    Rule: board setup constraints edge; error
    @(138.2250 mm, 140.2500 mm): Segment of J1 on Edge.Cuts
    @(152.5000 mm, 139.0000 mm): Pad 3 [GND] of J1 on F.Cu
[copper_edge_clearance]: Board edge clearance violation (board setup constraints edge clearance 0.2000 mm; actual 0.0000 mm)
    Rule: board setup constraints edge; error
    @(138.2250 mm, 140.2500 mm): Segment of J1 on Edge.Cuts
    @(152.2500 mm, 139.0000 mm): Pad 4 [+VM2_3V3] of J1 on B.Cu
[copper_edge_clearance]: Board edge clearance violation (board setup constraints edge clearance 0.2000 mm; actual 0.0000 mm)
    Rule: board setup constraints edge; error
    @(138.2250 mm, 140.2500 mm): Segment of J1 on Edge.Cuts
    @(152.0000 mm, 139.0000 mm): Pad 5 [/M.2 M-Key Edge Connector/PCIe_M2_TX3-] of J1 on F.Cu
[copper_edge_clearance]: Board edge clearance violation (board setup constraints edge clearance 0.2000 mm; actual 0.0000 mm)
    Rule: board setup constraints edge; error
    @(138.2250 mm, 140.2500 mm): Segment of J1 on Edge.Cuts
    @(151.7500 mm, 139.0000 mm): Pad 6 [unconnected-(J1-NC-Pad6)] of J1 on B.Cu
[copper_edge_clearance]: Board edge clearance violation (board setup constraints edge clearance 0.2000 mm; actual 0.0000 mm)
    Rule: board setup constraints edge; error
    @(138.2250 mm, 140.2500 mm): Segment of J1 on Edge.Cuts
    @(151.5000 mm, 139.0000 mm): Pad 7 [/M.2 M-Key Edge Connector/PCIe_M2_TX3+] of J1 on F.Cu
[copper_edge_clearance]: Board edge clearance violation (board setup constraints edge clearance 0.2000 mm; actual 0.0000 mm)
    Rule: board setup constraints edge; error
    @(138.2250 mm, 140.2500 mm): Segment of J1 on Edge.Cuts
    @(151.2500 mm, 139.0000 mm): Pad 8 [unconnected-(J1-NC-Pad8)] of J1 on B.Cu
[copper_edge_clearance]: Board edge clearance violation (board setup constraints edge clearance 0.2000 mm; actual 0.0000 mm)
    Rule: board setup constraints edge; error
    @(138.2250 mm, 140.2500 mm): Segment of J1 on Edge.Cuts
    @(151.0000 mm, 139.0000 mm): Pad 9 [GND] of J1 on F.Cu
[copper_edge_clearance]: Board edge clearance violation (board setup constraints edge clearance 0.2000 mm; actual 0.0000 mm)
    Rule: board setup constraints edge; error
    @(138.2250 mm, 140.2500 mm): Segment of J1 on Edge.Cuts
    @(150.7500 mm, 139.0000 mm): Pad 10 [unconnected-(J1-DAS/~{DSS}/~{LED1}-Pad10)] of J1 on B.Cu
[copper_edge_clearance]: Board edge clearance violation (board setup constraints edge clearance 0.2000 mm; actual 0.0000 mm)
    Rule: board setup constraints edge; error
    @(138.2250 mm, 140.2500 mm): Segment of J1 on Edge.Cuts
    @(150.5000 mm, 139.0000 mm): Pad 11 [/Artix 7 PCIe GTP Transceivers/PCIe_RX3-] of J1 on F.Cu
[copper_edge_clearance]: Board edge clearance violation (board setup constraints edge clearance 0.2000 mm; actual 0.0000 mm)
    Rule: board setup constraints edge; error
    @(138.2250 mm, 140.2500 mm): Segment of J1 on Edge.Cuts
    @(150.2500 mm, 139.0000 mm): Pad 12 [+VM2_3V3] of J1 on B.Cu
[copper_edge_clearance]: Board edge clearance violation (board setup constraints edge clearance 0.2000 mm; actual 0.0000 mm)
    Rule: board setup constraints edge; error
    @(138.2250 mm, 140.2500 mm): Segment of J1 on Edge.Cuts
    @(150.0000 mm, 139.0000 mm): Pad 13 [/Artix 7 PCIe GTP Transceivers/PCIe_RX3+] of J1 on F.Cu
[copper_edge_clearance]: Board edge clearance violation (board setup constraints edge clearance 0.2000 mm; actual 0.0000 mm)
    Rule: board setup constraints edge; error
    @(138.2250 mm, 140.2500 mm): Segment of J1 on Edge.Cuts
    @(149.7500 mm, 139.0000 mm): Pad 14 [+VM2_3V3] of J1 on B.Cu
[copper_edge_clearance]: Board edge clearance violation (board setup constraints edge clearance 0.2000 mm; actual 0.0000 mm)
    Rule: board setup constraints edge; error
    @(138.2250 mm, 140.2500 mm): Segment of J1 on Edge.Cuts
    @(149.5000 mm, 139.0000 mm): Pad 15 [GND] of J1 on F.Cu
[copper_edge_clearance]: Board edge clearance violation (board setup constraints edge clearance 0.2000 mm; actual 0.0000 mm)
    Rule: board setup constraints edge; error
    @(138.2250 mm, 140.2500 mm): Segment of J1 on Edge.Cuts
    @(149.2500 mm, 139.0000 mm): Pad 16 [+VM2_3V3] of J1 on B.Cu
[copper_edge_clearance]: Board edge clearance violation (board setup constraints edge clearance 0.2000 mm; actual 0.0000 mm)
    Rule: board setup constraints edge; error
    @(138.2250 mm, 140.2500 mm): Segment of J1 on Edge.Cuts
    @(149.0000 mm, 139.0000 mm): Pad 17 [/M.2 M-Key Edge Connector/PCIe_M2_TX2-] of J1 on F.Cu
[copper_edge_clearance]: Board edge clearance violation (board setup constraints edge clearance 0.2000 mm; actual 0.0000 mm)
    Rule: board setup constraints edge; error
    @(138.2250 mm, 140.2500 mm): Segment of J1 on Edge.Cuts
    @(148.7500 mm, 139.0000 mm): Pad 18 [+VM2_3V3] of J1 on B.Cu
[copper_edge_clearance]: Board edge clearance violation (board setup constraints edge clearance 0.2000 mm; actual 0.0000 mm)
    Rule: board setup constraints edge; error
    @(138.2250 mm, 140.2500 mm): Segment of J1 on Edge.Cuts
    @(148.5000 mm, 139.0000 mm): Pad 19 [/M.2 M-Key Edge Connector/PCIe_M2_TX2+] of J1 on F.Cu
[copper_edge_clearance]: Board edge clearance violation (board setup constraints edge clearance 0.2000 mm; actual 0.0000 mm)
    Rule: board setup constraints edge; error
    @(138.2250 mm, 140.2500 mm): Segment of J1 on Edge.Cuts
    @(148.2500 mm, 139.0000 mm): Pad 20 [unconnected-(J1-NC-Pad20)] of J1 on B.Cu
[copper_edge_clearance]: Board edge clearance violation (board setup constraints edge clearance 0.2000 mm; actual 0.0000 mm)
    Rule: board setup constraints edge; error
    @(138.2250 mm, 140.2500 mm): Segment of J1 on Edge.Cuts
    @(148.0000 mm, 139.0000 mm): Pad 21 [GND] of J1 on F.Cu
[copper_edge_clearance]: Board edge clearance violation (board setup constraints edge clearance 0.2000 mm; actual 0.0000 mm)
    Rule: board setup constraints edge; error
    @(138.2250 mm, 140.2500 mm): Segment of J1 on Edge.Cuts
    @(147.7500 mm, 139.0000 mm): Pad 22 [unconnected-(J1-NC-Pad22)] of J1 on B.Cu
[copper_edge_clearance]: Board edge clearance violation (board setup constraints edge clearance 0.2000 mm; actual 0.0000 mm)
    Rule: board setup constraints edge; error
    @(138.2250 mm, 140.2500 mm): Segment of J1 on Edge.Cuts
    @(147.5000 mm, 139.0000 mm): Pad 23 [/Artix 7 PCIe GTP Transceivers/PCIe_RX2-] of J1 on F.Cu
[copper_edge_clearance]: Board edge clearance violation (board setup constraints edge clearance 0.2000 mm; actual 0.0000 mm)
    Rule: board setup constraints edge; error
    @(138.2250 mm, 140.2500 mm): Segment of J1 on Edge.Cuts
    @(147.2500 mm, 139.0000 mm): Pad 24 [unconnected-(J1-NC-Pad24)] of J1 on B.Cu
[copper_edge_clearance]: Board edge clearance violation (board setup constraints edge clearance 0.2000 mm; actual 0.0000 mm)
    Rule: board setup constraints edge; error
    @(138.2250 mm, 140.2500 mm): Segment of J1 on Edge.Cuts
    @(147.0000 mm, 139.0000 mm): Pad 25 [/Artix 7 PCIe GTP Transceivers/PCIe_RX2+] of J1 on F.Cu
[copper_edge_clearance]: Board edge clearance violation (board setup constraints edge clearance 0.2000 mm; actual 0.0000 mm)
    Rule: board setup constraints edge; error
    @(138.2250 mm, 140.2500 mm): Segment of J1 on Edge.Cuts
    @(146.7500 mm, 139.0000 mm): Pad 26 [unconnected-(J1-NC-Pad26)] of J1 on B.Cu
[copper_edge_clearance]: Board edge clearance violation (board setup constraints edge clearance 0.2000 mm; actual 0.0000 mm)
    Rule: board setup constraints edge; error
    @(138.2250 mm, 140.2500 mm): Segment of J1 on Edge.Cuts
    @(146.5000 mm, 139.0000 mm): Pad 27 [GND] of J1 on F.Cu
[copper_edge_clearance]: Board edge clearance violation (board setup constraints edge clearance 0.2000 mm; actual 0.0000 mm)
    Rule: board setup constraints edge; error
    @(138.2250 mm, 140.2500 mm): Segment of J1 on Edge.Cuts
    @(146.2500 mm, 139.0000 mm): Pad 28 [unconnected-(J1-NC-Pad28)] of J1 on B.Cu
[copper_edge_clearance]: Board edge clearance violation (board setup constraints edge clearance 0.2000 mm; actual 0.0000 mm)
    Rule: board setup constraints edge; error
    @(138.2250 mm, 140.2500 mm): Segment of J1 on Edge.Cuts
    @(146.0000 mm, 139.0000 mm): Pad 29 [/M.2 M-Key Edge Connector/PCIe_M2_TX1-] of J1 on F.Cu
[copper_edge_clearance]: Board edge clearance violation (board setup constraints edge clearance 0.2000 mm; actual 0.0000 mm)
    Rule: board setup constraints edge; error
    @(138.2250 mm, 140.2500 mm): Segment of J1 on Edge.Cuts
    @(145.7500 mm, 139.0000 mm): Pad 30 [unconnected-(J1-NC-Pad30)] of J1 on B.Cu
[copper_edge_clearance]: Board edge clearance violation (board setup constraints edge clearance 0.2000 mm; actual 0.0000 mm)
    Rule: board setup constraints edge; error
    @(138.2250 mm, 140.2500 mm): Segment of J1 on Edge.Cuts
    @(145.5000 mm, 139.0000 mm): Pad 31 [/M.2 M-Key Edge Connector/PCIe_M2_TX1+] of J1 on F.Cu
[copper_edge_clearance]: Board edge clearance violation (board setup constraints edge clearance 0.2000 mm; actual 0.0000 mm)
    Rule: board setup constraints edge; error
    @(138.2250 mm, 140.2500 mm): Segment of J1 on Edge.Cuts
    @(145.2500 mm, 139.0000 mm): Pad 32 [unconnected-(J1-NC-Pad32)] of J1 on B.Cu
[copper_edge_clearance]: Board edge clearance violation (board setup constraints edge clearance 0.2000 mm; actual 0.0000 mm)
    Rule: board setup constraints edge; error
    @(138.2250 mm, 140.2500 mm): Segment of J1 on Edge.Cuts
    @(145.0000 mm, 139.0000 mm): Pad 33 [GND] of J1 on F.Cu
[copper_edge_clearance]: Board edge clearance violation (board setup constraints edge clearance 0.2000 mm; actual 0.0000 mm)
    Rule: board setup constraints edge; error
    @(138.2250 mm, 140.2500 mm): Segment of J1 on Edge.Cuts
    @(144.7500 mm, 139.0000 mm): Pad 34 [unconnected-(J1-NC-Pad34)] of J1 on B.Cu
[copper_edge_clearance]: Board edge clearance violation (board setup constraints edge clearance 0.2000 mm; actual 0.0000 mm)
    Rule: board setup constraints edge; error
    @(138.2250 mm, 140.2500 mm): Segment of J1 on Edge.Cuts
    @(144.5000 mm, 139.0000 mm): Pad 35 [/Artix 7 PCIe GTP Transceivers/PCIe_RX1-] of J1 on F.Cu
[copper_edge_clearance]: Board edge clearance violation (board setup constraints edge clearance 0.2000 mm; actual 0.0000 mm)
    Rule: board setup constraints edge; error
    @(138.2250 mm, 140.2500 mm): Segment of J1 on Edge.Cuts
    @(144.2500 mm, 139.0000 mm): Pad 36 [unconnected-(J1-NC-Pad36)] of J1 on B.Cu
[copper_edge_clearance]: Board edge clearance violation (board setup constraints edge clearance 0.2000 mm; actual 0.0000 mm)
    Rule: board setup constraints edge; error
    @(138.2250 mm, 140.2500 mm): Segment of J1 on Edge.Cuts
    @(144.0000 mm, 139.0000 mm): Pad 37 [/Artix 7 PCIe GTP Transceivers/PCIe_RX1+] of J1 on F.Cu
[copper_edge_clearance]: Board edge clearance violation (board setup constraints edge clearance 0.2000 mm; actual 0.0000 mm)
    Rule: board setup constraints edge; error
    @(138.2250 mm, 140.2500 mm): Segment of J1 on Edge.Cuts
    @(143.7500 mm, 139.0000 mm): Pad 38 [unconnected-(J1-DEVSLP-Pad38)] of J1 on B.Cu
[copper_edge_clearance]: Board edge clearance violation (board setup constraints edge clearance 0.2000 mm; actual 0.0000 mm)
    Rule: board setup constraints edge; error
    @(138.2250 mm, 140.2500 mm): Segment of J1 on Edge.Cuts
    @(143.5000 mm, 139.0000 mm): Pad 39 [GND] of J1 on F.Cu
[copper_edge_clearance]: Board edge clearance violation (board setup constraints edge clearance 0.2000 mm; actual 0.0000 mm)
    Rule: board setup constraints edge; error
    @(138.2250 mm, 140.2500 mm): Segment of J1 on Edge.Cuts
    @(143.2500 mm, 139.0000 mm): Pad 40 [unconnected-(J1-NC-Pad40)] of J1 on B.Cu
[copper_edge_clearance]: Board edge clearance violation (board setup constraints edge clearance 0.2000 mm; actual 0.0000 mm)
    Rule: board setup constraints edge; error
    @(138.2250 mm, 140.2500 mm): Segment of J1 on Edge.Cuts
    @(143.0000 mm, 139.0000 mm): Pad 41 [/M.2 M-Key Edge Connector/PCIe_M2_TX0-] of J1 on F.Cu
[copper_edge_clearance]: Board edge clearance violation (board setup constraints edge clearance 0.2000 mm; actual 0.0000 mm)
    Rule: board setup constraints edge; error
    @(138.2250 mm, 140.2500 mm): Segment of J1 on Edge.Cuts
    @(142.7500 mm, 139.0000 mm): Pad 42 [unconnected-(J1-NC-Pad42)] of J1 on B.Cu
[copper_edge_clearance]: Board edge clearance violation (board setup constraints edge clearance 0.2000 mm; actual 0.0000 mm)
    Rule: board setup constraints edge; error
    @(138.2250 mm, 140.2500 mm): Segment of J1 on Edge.Cuts
    @(142.5000 mm, 139.0000 mm): Pad 43 [/M.2 M-Key Edge Connector/PCIe_M2_TX0+] of J1 on F.Cu
[copper_edge_clearance]: Board edge clearance violation (board setup constraints edge clearance 0.2000 mm; actual 0.0000 mm)
    Rule: board setup constraints edge; error
    @(138.2250 mm, 140.2500 mm): Segment of J1 on Edge.Cuts
    @(142.2500 mm, 139.0000 mm): Pad 44 [unconnected-(J1-NC-Pad44)] of J1 on B.Cu
[copper_edge_clearance]: Board edge clearance violation (board setup constraints edge clearance 0.2000 mm; actual 0.0000 mm)
    Rule: board setup constraints edge; error
    @(138.2250 mm, 140.2500 mm): Segment of J1 on Edge.Cuts
    @(142.0000 mm, 139.0000 mm): Pad 45 [GND] of J1 on F.Cu
[copper_edge_clearance]: Board edge clearance violation (board setup constraints edge clearance 0.2000 mm; actual 0.0000 mm)
    Rule: board setup constraints edge; error
    @(138.2250 mm, 140.2500 mm): Segment of J1 on Edge.Cuts
    @(141.7500 mm, 139.0000 mm): Pad 46 [unconnected-(J1-NC-Pad46)] of J1 on B.Cu
[copper_edge_clearance]: Board edge clearance violation (board setup constraints edge clearance 0.2000 mm; actual 0.0000 mm)
    Rule: board setup constraints edge; error
    @(138.2250 mm, 140.2500 mm): Segment of J1 on Edge.Cuts
    @(141.5000 mm, 139.0000 mm): Pad 47 [/Artix 7 PCIe GTP Transceivers/PCIe_RX0-] of J1 on F.Cu
[copper_edge_clearance]: Board edge clearance violation (board setup constraints edge clearance 0.2000 mm; actual 0.0000 mm)
    Rule: board setup constraints edge; error
    @(138.2250 mm, 140.2500 mm): Segment of J1 on Edge.Cuts
    @(141.2500 mm, 139.0000 mm): Pad 48 [unconnected-(J1-NC-Pad48)] of J1 on B.Cu
[copper_edge_clearance]: Board edge clearance violation (board setup constraints edge clearance 0.2000 mm; actual 0.0000 mm)
    Rule: board setup constraints edge; error
    @(138.2250 mm, 140.2500 mm): Segment of J1 on Edge.Cuts
    @(141.0000 mm, 139.0000 mm): Pad 49 [/Artix 7 PCIe GTP Transceivers/PCIe_RX0+] of J1 on F.Cu
[copper_edge_clearance]: Board edge clearance violation (board setup constraints edge clearance 0.2000 mm; actual 0.0000 mm)
    Rule: board setup constraints edge; error
    @(138.2250 mm, 140.2500 mm): Segment of J1 on Edge.Cuts
    @(140.7500 mm, 139.0000 mm): Pad 50 [/Artix 7 Banks/~{PCIe_PERST}] of J1 on B.Cu
[copper_edge_clearance]: Board edge clearance violation (board setup constraints edge clearance 0.2000 mm; actual 0.0000 mm)
    Rule: board setup constraints edge; error
    @(138.2250 mm, 140.2500 mm): Segment of J1 on Edge.Cuts
    @(140.5000 mm, 139.0000 mm): Pad 51 [GND] of J1 on F.Cu
[copper_edge_clearance]: Board edge clearance violation (board setup constraints edge clearance 0.2000 mm; actual 0.0000 mm)
    Rule: board setup constraints edge; error
    @(138.2250 mm, 140.2500 mm): Segment of J1 on Edge.Cuts
    @(140.2500 mm, 139.0000 mm): Pad 52 [Net-(J1-~{CLKREQ})] of J1 on B.Cu
[copper_edge_clearance]: Board edge clearance violation (board setup constraints edge clearance 0.2000 mm; actual 0.0000 mm)
    Rule: board setup constraints edge; error
    @(138.2250 mm, 140.2500 mm): Segment of J1 on Edge.Cuts
    @(140.0000 mm, 139.0000 mm): Pad 53 [/M.2 M-Key Edge Connector/PCIe_M2_REFCLK-] of J1 on F.Cu
[copper_edge_clearance]: Board edge clearance violation (board setup constraints edge clearance 0.2000 mm; actual 0.0000 mm)
    Rule: board setup constraints edge; error
    @(138.2250 mm, 140.2500 mm): Segment of J1 on Edge.Cuts
    @(139.7500 mm, 139.0000 mm): Pad 54 [Net-(J1-~{PEWAKE})] of J1 on B.Cu
[copper_edge_clearance]: Board edge clearance violation (board setup constraints edge clearance 0.2000 mm; actual 0.0000 mm)
    Rule: board setup constraints edge; error
    @(138.2250 mm, 140.2500 mm): Segment of J1 on Edge.Cuts
    @(139.5000 mm, 139.0000 mm): Pad 55 [/M.2 M-Key Edge Connector/PCIe_M2_REFCLK+] of J1 on F.Cu
[copper_edge_clearance]: Board edge clearance violation (board setup constraints edge clearance 0.2000 mm; actual 0.0000 mm)
    Rule: board setup constraints edge; error
    @(138.2250 mm, 140.2500 mm): Segment of J1 on Edge.Cuts
    @(139.2500 mm, 139.0000 mm): Pad 56 [unconnected-(J1-NC-Pad56)] of J1 on B.Cu
[copper_edge_clearance]: Board edge clearance violation (board setup constraints edge clearance 0.2000 mm; actual 0.0000 mm)
    Rule: board setup constraints edge; error
    @(138.2250 mm, 140.2500 mm): Segment of J1 on Edge.Cuts
    @(139.0000 mm, 139.0000 mm): Pad 57 [GND] of J1 on F.Cu
[copper_edge_clearance]: Board edge clearance violation (board setup constraints edge clearance 0.2000 mm; actual 0.0000 mm)
    Rule: board setup constraints edge; error
    @(138.2250 mm, 140.2500 mm): Segment of J1 on Edge.Cuts
    @(138.7500 mm, 139.0000 mm): Pad 58 [unconnected-(J1-NC-Pad58)] of J1 on B.Cu
[copper_edge_clearance]: Board edge clearance violation (board setup constraints edge clearance 0.2000 mm; actual 0.0000 mm)
    Rule: board setup constraints edge; error
    @(134.0000 mm, 140.2500 mm): Segment of J1 on Edge.Cuts
    @(136.5000 mm, 139.0000 mm): Pad 67 [unconnected-(J1-NC-Pad67)] of J1 on F.Cu
[copper_edge_clearance]: Board edge clearance violation (board setup constraints edge clearance 0.2000 mm; actual 0.0000 mm)
    Rule: board setup constraints edge; error
    @(134.0000 mm, 140.2500 mm): Segment of J1 on Edge.Cuts
    @(136.2500 mm, 139.0000 mm): Pad 68 [unconnected-(J1-SUSCLK-Pad68)] of J1 on B.Cu
[copper_edge_clearance]: Board edge clearance violation (board setup constraints edge clearance 0.2000 mm; actual 0.0000 mm)
    Rule: board setup constraints edge; error
    @(134.0000 mm, 140.2500 mm): Segment of J1 on Edge.Cuts
    @(136.0000 mm, 139.0000 mm): Pad 69 [unconnected-(J1-PEDET-Pad69)] of J1 on F.Cu
[copper_edge_clearance]: Board edge clearance violation (board setup constraints edge clearance 0.2000 mm; actual 0.0000 mm)
    Rule: board setup constraints edge; error
    @(134.0000 mm, 140.2500 mm): Segment of J1 on Edge.Cuts
    @(135.7500 mm, 139.0000 mm): Pad 70 [+VM2_3V3] of J1 on B.Cu
[copper_edge_clearance]: Board edge clearance violation (board setup constraints edge clearance 0.2000 mm; actual 0.0000 mm)
    Rule: board setup constraints edge; error
    @(134.0000 mm, 140.2500 mm): Segment of J1 on Edge.Cuts
    @(135.5000 mm, 139.0000 mm): Pad 71 [GND] of J1 on F.Cu
[copper_edge_clearance]: Board edge clearance violation (board setup constraints edge clearance 0.2000 mm; actual 0.0000 mm)
    Rule: board setup constraints edge; error
    @(134.0000 mm, 140.2500 mm): Segment of J1 on Edge.Cuts
    @(135.2500 mm, 139.0000 mm): Pad 72 [+VM2_3V3] of J1 on B.Cu
[copper_edge_clearance]: Board edge clearance violation (board setup constraints edge clearance 0.2000 mm; actual 0.0000 mm)
    Rule: board setup constraints edge; error
    @(134.0000 mm, 140.2500 mm): Segment of J1 on Edge.Cuts
    @(135.0000 mm, 139.0000 mm): Pad 73 [GND] of J1 on F.Cu
[copper_edge_clearance]: Board edge clearance violation (board setup constraints edge clearance 0.2000 mm; actual 0.0000 mm)
    Rule: board setup constraints edge; error
    @(134.0000 mm, 140.2500 mm): Segment of J1 on Edge.Cuts
    @(134.7500 mm, 139.0000 mm): Pad 74 [+VM2_3V3] of J1 on B.Cu
[copper_edge_clearance]: Board edge clearance violation (board setup constraints edge clearance 0.2000 mm; actual 0.0000 mm)
    Rule: board setup constraints edge; error
    @(134.0000 mm, 140.2500 mm): Segment of J1 on Edge.Cuts
    @(134.5000 mm, 139.0000 mm): Pad 75 [GND] of J1 on F.Cu
[copper_edge_clearance]: Board edge clearance violation (board setup constraints edge clearance 0.2000 mm; actual 0.0000 mm)
    Rule: board setup constraints edge; error
    @(154.2500 mm, 60.2500 mm): Segment of J1 on Edge.Cuts
    @(143.7500 mm, 60.2500 mm): PTH pad MOUNTING-HOLE [<no net>] of J1
[clearance]: Clearance violation ( clearance 0.1000 mm; actual 0.0149 mm)
    Local override; error
    @(134.9580 mm, 86.3867 mm): Via [GND] on F.Cu - B.Cu
    @(134.7000 mm, 86.0000 mm): Via [+VBUS_3V3] on F.Cu - B.Cu
[clearance]: Clearance violation ( clearance 0.1000 mm; actual 0.0780 mm)
    Local override; error
    @(153.9500 mm, 74.9800 mm): Track [/Artix 7 Banks/DDR_A4] on B.Cu, length 0.3536 mm
    @(153.7800 mm, 74.4000 mm): Pad 2 [GND] of C65 on B.Cu
[clearance]: Clearance violation ( clearance 0.1000 mm; actual 0.0894 mm)
    Local override; error
    @(153.7800 mm, 74.4000 mm): Pad 2 [GND] of C65 on B.Cu
    @(154.2000 mm, 74.7300 mm): Track [/Artix 7 Banks/DDR_A4] on B.Cu, length 0.1600 mm
[clearance]: Clearance violation ( clearance 0.1000 mm; actual 0.0642 mm)
    Local override; error
    @(140.3975 mm, 73.2668 mm): Via [Net-(U10-EEDATA)] on F.Cu - B.Cu
    @(140.0500 mm, 72.7400 mm): Pad 1 [+3V3] of R19 on B.Cu
[hole_clearance]: Hole clearance violation (board setup constraints hole clearance 0.2000 mm; actual 0.1985 mm)
    Rule: board setup constraints hole; error
    @(149.2000 mm, 68.3000 mm): Via [GND] on F.Cu - B.Cu
    @(150.2100 mm, 69.5550 mm): NPTH pad of J2
[clearance]: Clearance violation ( clearance 0.1000 mm; actual 0.0950 mm)
    Local override; error
    @(136.7500 mm, 99.5000 mm): Via [GND] on F.Cu - B.Cu
    @(137.4500 mm, 99.7600 mm): Pad 1 [+3V3] of R46 on B.Cu
[hole_clearance]: Hole clearance violation (board setup constraints hole clearance 0.2000 mm; actual 0.1699 mm)
    Rule: board setup constraints hole; error
    @(154.2500 mm, 65.8000 mm): Via [GND] on F.Cu - B.Cu
    @(153.3850 mm, 64.4750 mm): NPTH pad of J2
[hole_clearance]: Hole clearance violation (board setup constraints hole clearance 0.2000 mm; actual 0.1448 mm)
    Rule: board setup constraints hole; error
    @(154.2500 mm, 67.0000 mm): Via [GND] on F.Cu - B.Cu
    @(153.3850 mm, 67.0150 mm): NPTH pad of J2
[hole_clearance]: Hole clearance violation (board setup constraints hole clearance 0.2000 mm; actual 0.1951 mm)
    Rule: board setup constraints hole; error
    @(154.2500 mm, 68.2000 mm): Via [GND] on F.Cu - B.Cu
    @(153.3850 mm, 69.5550 mm): NPTH pad of J2
[hole_clearance]: Hole clearance violation (board setup constraints hole clearance 0.2000 mm; actual 0.1892 mm)
    Rule: board setup constraints hole; error
    @(140.0500 mm, 72.7400 mm): Pad 1 [+3V3] of R19 on B.Cu
    @(140.3975 mm, 73.2668 mm): Via [Net-(U10-EEDATA)] on F.Cu - B.Cu
[hole_clearance]: Hole clearance violation (board setup constraints hole clearance 0.2000 mm; actual 0.1584 mm)
    Rule: board setup constraints hole; error
    @(140.0500 mm, 73.7600 mm): Pad 2 [/Artix 7 Banks/QSPI_CS] of R19 on B.Cu
    @(140.3975 mm, 73.2668 mm): Via [Net-(U10-EEDATA)] on F.Cu - B.Cu
[clearance]: Clearance violation ( clearance 0.1 mm; actual 0.099999 mm)
    Local override; error
    @(137.7000 mm, 122.1000 mm): Zone '1V2 fill' [+1V2] on In3.Cu (PWR), priority 14
    @(144.2000 mm, 94.5000 mm): Zone '1V8 fill' [+1V8] on In3.Cu (PWR), priority 24
[clearance]: Clearance violation ( clearance 0.1000 mm; actual 0.0981 mm)
    Local override; error
    @(131.5000 mm, 57.1735 mm): Zone 'GND pour' [GND] on F.Cu, B.Cu and 3 more, priority 0
    @(152.6500 mm, 107.1000 mm): Zone '1V5' [+1V5] on B.Cu, priority 3
[clearance]: Clearance violation ( clearance 0.1000 mm; actual 0.0981 mm)
    Local override; error
    @(131.5000 mm, 57.1735 mm): Zone 'GND pour' [GND] on F.Cu, B.Cu and 3 more, priority 0
    @(149.5000 mm, 71.2500 mm): Zone '1V5' [+1V5] on B.Cu, priority 2
[clearance]: Clearance violation ( clearance 0.1000 mm; actual 0.0981 mm)
    Local override; error
    @(131.5000 mm, 57.1735 mm): Zone 'GND pour' [GND] on F.Cu, B.Cu and 3 more, priority 0
    @(134.5000 mm, 77.3000 mm): Zone 'USB Buck Inductor Input' [Net-(L6-Pad1)] on B.Cu, priority 11
[clearance]: Clearance violation ( clearance 0.1 mm; actual 0.099999 mm)
    Local override; error
    @(131.5000 mm, 57.1735 mm): Zone 'GND pour' [GND] on F.Cu, B.Cu and 3 more, priority 0
    @(133.2500 mm, 101.0000 mm): Zone '3V3' [+3V3] on B.Cu, priority 8
[clearance]: Clearance violation ( clearance 0.1000 mm; actual 0.0981 mm)
    Local override; error
    @(131.5000 mm, 57.1735 mm): Zone 'GND pour' [GND] on F.Cu, B.Cu and 3 more, priority 0
    @(133.2500 mm, 81.6500 mm): Zone '3V3 VBUS' [+VBUS_3V3] on B.Cu, priority 12
[clearance]: Clearance violation ( clearance 0.1 mm; actual 0.099987 mm)
    Local override; error
    @(131.5000 mm, 57.1735 mm): Zone 'GND pour' [GND] on F.Cu, B.Cu and 3 more, priority 0
    @(141.1500 mm, 108.1500 mm): Zone '3V3' [+3V3] on B.Cu, priority 6
[clearance]: Clearance violation ( clearance 0.1000 mm; actual 0.0998 mm)
    Local override; error
    @(131.5000 mm, 57.1735 mm): Zone 'GND pour' [GND] on F.Cu, B.Cu and 3 more, priority 0
    @(139.2107 mm, 105.0587 mm): Zone '1V8' [+1V8] on B.Cu, priority 5
[clearance]: Clearance violation ( clearance 0.1000 mm; actual 0.0985 mm)
    Local override; error
    @(147.6000 mm, 64.2000 mm): Zone 'VBUS' [+VBUS] on In3.Cu (PWR), priority 4
    @(130.5000 mm, 56.2500 mm): Zone 'Power Fill 3V3' [+3V3] on In3.Cu (PWR), priority 1
[clearance]: Clearance violation ( clearance 0.1000 mm; actual 0.0998 mm)
    Local override; error
    @(131.5000 mm, 57.1735 mm): Zone 'GND pour' [GND] on F.Cu, B.Cu and 3 more, priority 0
    @(137.9926 mm, 132.5074 mm): Zone 'M.2 top left side fill' [+VM2_3V3] on B.Cu, priority 35
[clearance]: Clearance violation (zone clearance 0.1800 mm; actual 0.1749 mm)
    Local override; error
    @(132.6970 mm, 92.5466 mm): Zone '3V3 top stitching fill' [+3V3] on F.Cu and B.Cu, priority 36
    @(139.2107 mm, 105.0587 mm): Zone '1V8' [+1V8] on B.Cu, priority 5
[clearance]: Clearance violation ( clearance 0.1000 mm; actual 0.0982 mm)
    Local override; error
    @(131.5000 mm, 57.1735 mm): Zone 'GND pour' [GND] on F.Cu, B.Cu and 3 more, priority 0
    @(149.2000 mm, 103.5000 mm): Zone 'MGTAVCC fill' [Net-(C35-Pad1)] on B.Cu, priority 33
[clearance]: Clearance violation ( clearance 0.1000 mm; actual 0.0981 mm)
    Local override; error
    @(131.5000 mm, 57.1735 mm): Zone 'GND pour' [GND] on F.Cu, B.Cu and 3 more, priority 0
    @(137.0500 mm, 90.7500 mm): Zone '3V3' [+3V3] on B.Cu, priority 9
[clearance]: Clearance violation ( clearance 0.1000 mm; actual 0.0997 mm)
    Local override; error
    @(131.5000 mm, 57.1735 mm): Zone 'GND pour' [GND] on F.Cu, B.Cu and 3 more, priority 0
    @(153.7500 mm, 134.9176 mm): Zone 'M.2 3V3 bottom connecting fill' [+VM2_3V3] on B.Cu, priority 34
[clearance]: Clearance violation ( clearance 0.1000 mm; actual 0.0991 mm)
    Local override; error
    @(131.5000 mm, 57.1735 mm): Zone 'GND pour' [GND] on F.Cu, B.Cu and 3 more, priority 0
    @(147.4000 mm, 106.1000 mm): Zone '1V0 bottom decoupling fill' [+1V0] on B.Cu, priority 32
[clearance]: Clearance violation ( clearance 0.1000 mm; actual 0.0993 mm)
    Local override; error
    @(155.0000 mm, 71.8000 mm): Zone '1V5 fill' [+1V5] on In3.Cu (PWR), priority 23
    @(148.0000 mm, 93.1000 mm): Zone '1V0 fill' [+1V0] on In3.Cu (PWR), priority 13
[clearance]: Clearance violation ( clearance 0.1000 mm; actual 0.0982 mm)
    Local override; error
    @(131.5000 mm, 57.1735 mm): Zone 'GND pour' [GND] on F.Cu, B.Cu and 3 more, priority 0
    @(134.9999 mm, 73.6200 mm): Zone 'VBUS' [+VBUS] on B.Cu, priority 10
[clearance]: Clearance violation ( clearance 0.1000 mm; actual 0.0981 mm)
    Local override; error
    @(130.5000 mm, 56.2500 mm): Zone 'Power Fill 3V3' [+3V3] on In3.Cu (PWR), priority 1
    @(154.7500 mm, 136.2500 mm): Zone 'M.2 3V3 inner fill' [+VM2_3V3] on In3.Cu (PWR), priority 26
[clearance]: Clearance violation ( clearance 0.1 mm; actual 0.099995 mm)
    Local override; error
    @(130.5000 mm, 56.2500 mm): Zone 'Power Fill 3V3' [+3V3] on In3.Cu (PWR), priority 1
    @(135.3000 mm, 84.7000 mm): Zone 'VBUS 3V3 fill' [+VBUS_3V3] on In3.Cu (PWR), priority 25
[clearance]: Clearance violation ( clearance 0.1 mm; actual 0.099999 mm)
    Local override; error
    @(131.5000 mm, 57.1735 mm): Zone 'GND pour' [GND] on F.Cu, B.Cu and 3 more, priority 0
    @(135.3000 mm, 110.5000 mm): Zone 'USB 3V3 power OR fill' [+VBUS_3V3] on B.Cu, priority 28
[clearance]: Clearance violation ( clearance 0.1000 mm; actual 0.0986 mm)
    Local override; error
    @(130.5000 mm, 56.2500 mm): Zone 'Power Fill 3V3' [+3V3] on In3.Cu (PWR), priority 1
    @(148.0000 mm, 93.1000 mm): Zone '1V0 fill' [+1V0] on In3.Cu (PWR), priority 13
[clearance]: Clearance violation ( clearance 0.1000 mm; actual 0.0981 mm)
    Local override; error
    @(130.5000 mm, 56.2500 mm): Zone 'Power Fill 3V3' [+3V3] on In3.Cu (PWR), priority 1
    @(155.0000 mm, 71.8000 mm): Zone '1V5 fill' [+1V5] on In3.Cu (PWR), priority 23
[copper_sliver]: Copper sliver (B.Cu)
    Local override; warning
[copper_sliver]: Copper sliver (In3.Cu (PWR))
    Local override; warning
[copper_sliver]: Copper sliver (In3.Cu (PWR))
    Local override; warning
[copper_sliver]: Copper sliver (In3.Cu (PWR))
    Local override; warning
[copper_sliver]: Copper sliver (In3.Cu (PWR))
    Local override; warning
[copper_sliver]: Copper sliver (In3.Cu (PWR))
    Local override; warning
[copper_sliver]: Copper sliver (In3.Cu (PWR))
    Local override; warning
[copper_sliver]: Copper sliver (In3.Cu (PWR))
    Local override; warning
[silk_overlap]: Silkscreen clearance
    Rule: board setup constraints silk; warning
    @(142.9600 mm, 71.1300 mm): Polygon of U10 on F.Silkscreen
    @(143.2500 mm, 70.6494 mm): Segment of C101 on F.Silkscreen
[silk_overlap]: Silkscreen clearance
    Rule: board setup constraints silk; warning
    @(145.4600 mm, 122.2350 mm): Segment of L1 on F.Silkscreen
    @(142.1300 mm, 122.3900 mm): Polygon of U2 on F.Silkscreen
[silk_overlap]: Silkscreen clearance
    Rule: board setup constraints silk; warning
    @(133.7500 mm, 115.7600 mm): Segment of D1 on F.Silkscreen
    @(136.4475 mm, 115.7400 mm): Segment of D4 on F.Silkscreen
[silk_overlap]: Silkscreen clearance
    Rule: board setup constraints silk; warning
    @(133.7500 mm, 115.7600 mm): Segment of D1 on F.Silkscreen
    @(136.4475 mm, 117.6600 mm): Segment of D4 on F.Silkscreen
[silk_overlap]: Silkscreen clearance
    Rule: board setup constraints silk; warning
    @(136.4350 mm, 115.7600 mm): Segment of D1 on F.Silkscreen
    @(136.4475 mm, 115.7400 mm): Segment of D4 on F.Silkscreen
[silk_overlap]: Silkscreen clearance
    Rule: board setup constraints silk; warning
    @(136.4350 mm, 115.7600 mm): Segment of D1 on F.Silkscreen
    @(136.4475 mm, 117.6600 mm): Segment of D4 on F.Silkscreen
[silk_over_copper]: Silkscreen clipped by solder mask
    Local override; warning
    @(137.3250 mm, 72.4700 mm): Polygon of U7 on F.Silkscreen
    @(137.1000 mm, 71.8300 mm): Pad 55 [Net-(U10-BCBUS3)] of U10 on F.Cu
[silk_over_copper]: Silkscreen clipped by solder mask
    Local override; warning
    @(137.3250 mm, 72.4700 mm): Polygon of U7 on F.Silkscreen
    @(137.6000 mm, 71.8300 mm): Pad 56 [+3V3] of U10 on F.Cu
[silk_over_copper]: Silkscreen clipped by solder mask
    Local override; warning
    @(142.9600 mm, 71.1300 mm): Polygon of U10 on F.Silkscreen
    @(143.7600 mm, 71.5650 mm): Pad 2 [GND] of C101 on F.Cu
[silk_over_copper]: Silkscreen clipped by solder mask
    Local override; warning
    @(136.2200 mm, 78.4800 mm): Polygon of U17 on B.Silkscreen
    @(135.2000 mm, 79.3000 mm): Pad 1 [Net-(L6-Pad1)] of L6 on B.Cu
[silk_over_copper]: Silkscreen clipped by solder mask
    Local override; warning
    @(140.4400 mm, 70.2500 mm): Polygon of U9 on B.Silkscreen
    @(140.9750 mm, 70.6650 mm): Pad 1 [+3V3] of R54 on B.Cu
[silk_over_copper]: Silkscreen clipped by solder mask
    Local override; warning
    @(151.5387 mm, 71.8800 mm): Segment of C85 on B.Silkscreen
    @(151.8700 mm, 71.3350 mm): PTH pad S1 [GND] of J4
[lib_footprint_mismatch]: Footprint 'C_0603_1608Metric' does not match copy in library 'Capacitor_SMD'
    Local override; warning
    @(133.8000 mm, 133.0000 mm): Footprint C72
[lib_footprint_mismatch]: Footprint 'C_0201_0603Metric' does not match copy in library 'Capacitor_SMD'
    Local override; warning
    @(143.3000 mm, 67.0400 mm): Footprint C105
[lib_footprint_mismatch]: Footprint 'C_0603_1608Metric' does not match copy in library 'Capacitor_SMD'
    Local override; warning
    @(135.6500 mm, 135.2300 mm): Footprint C70
[lib_footprint_mismatch]: Footprint 'C_0402_1005Metric' does not match copy in library 'Capacitor_SMD'
    Local override; warning
    @(151.2750 mm, 135.2700 mm): Footprint C9
[lib_footprint_mismatch]: Footprint 'R_0402_1005Metric' does not match copy in library 'Resistor_SMD'
    Local override; warning
    @(152.4500 mm, 83.3500 mm): Footprint R28
[lib_footprint_mismatch]: Footprint 'Xilinx_FGG484' does not match copy in library 'Package_BGA'
    Local override; warning
    @(143.7500 mm, 97.5000 mm): Footprint U1
[lib_footprint_mismatch]: Footprint 'R_0402_1005Metric' does not match copy in library 'Resistor_SMD'
    Local override; warning
    @(150.1000 mm, 121.8750 mm): Footprint R62
[lib_footprint_mismatch]: Footprint 'C_0402_1005Metric' does not match copy in library 'Capacitor_SMD'
    Local override; warning
    @(145.3000 mm, 135.2700 mm): Footprint C5
[lib_footprint_issues]: Footprint 'Diodes_UDFN-10_1.0x2.5mm_P0.5mm' not found in library 'Package_DFN_QFN'
    Local override; warning
    @(144.8325 mm, 112.6825 mm): Footprint U15
[lib_footprint_mismatch]: Footprint 'R_0603_1608Metric' does not match copy in library 'Resistor_SMD'
    Local override; warning
    @(138.9500 mm, 134.7000 mm): Footprint R33
[lib_footprint_mismatch]: Footprint 'C_0402_1005Metric' does not match copy in library 'Capacitor_SMD'
    Local override; warning
    @(142.8500 mm, 111.1200 mm): Footprint C119
[lib_footprint_mismatch]: Footprint 'R_0402_1005Metric' does not match copy in library 'Resistor_SMD'
    Local override; warning
    @(136.6000 mm, 126.3950 mm): Footprint R11
[lib_footprint_mismatch]: Footprint 'R_0402_1005Metric' does not match copy in library 'Resistor_SMD'
    Local override; warning
    @(145.0600 mm, 70.2200 mm): Footprint R48
[lib_footprint_mismatch]: Footprint 'C_0402_1005Metric' does not match copy in library 'Capacitor_SMD'
    Local override; warning
    @(136.5500 mm, 123.1000 mm): Footprint C48
[lib_footprint_mismatch]: Footprint 'LED_0805_2012Metric' does not match copy in library 'LED_SMD'
    Local override; warning
    @(134.9000 mm, 61.3100 mm): Footprint D2
[lib_footprint_mismatch]: Footprint 'C_0402_1005Metric' does not match copy in library 'Capacitor_SMD'
    Local override; warning
    @(148.3000 mm, 135.2700 mm): Footprint C7
[lib_footprint_mismatch]: Footprint 'R_0402_1005Metric' does not match copy in library 'Resistor_SMD'
    Local override; warning
    @(153.2500 mm, 122.3500 mm): Footprint R60
[lib_footprint_mismatch]: Footprint 'C_0402_1005Metric' does not match copy in library 'Capacitor_SMD'
    Local override; warning
    @(138.6400 mm, 77.1600 mm): Footprint C111
[lib_footprint_mismatch]: Footprint 'R_0402_1005Metric' does not match copy in library 'Resistor_SMD'
    Local override; warning
    @(144.7800 mm, 65.7700 mm): Footprint R49
[lib_footprint_mismatch]: Footprint 'R_0402_1005Metric' does not match copy in library 'Resistor_SMD'
    Local override; warning
    @(143.9500 mm, 68.8000 mm): Footprint R55
[lib_footprint_mismatch]: Footprint 'C_0402_1005Metric' does not match copy in library 'Capacitor_SMD'
    Local override; warning
    @(152.2000 mm, 135.2700 mm): Footprint C10
[lib_footprint_mismatch]: Footprint 'R_0402_1005Metric' does not match copy in library 'Resistor_SMD'
    Local override; warning
    @(134.1400 mm, 84.5300 mm): Footprint R75
[lib_footprint_mismatch]: Footprint 'R_0402_1005Metric' does not match copy in library 'Resistor_SMD'
    Local override; warning
    @(137.0500 mm, 116.6900 mm): Footprint R77
[lib_footprint_mismatch]: Footprint 'C_0402_1005Metric' does not match copy in library 'Capacitor_SMD'
    Local override; warning
    @(143.2000 mm, 135.2500 mm): Footprint C4
[lib_footprint_mismatch]: Footprint 'C_0402_1005Metric' does not match copy in library 'Capacitor_SMD'
    Local override; warning
    @(136.2500 mm, 84.5400 mm): Footprint C139
[lib_footprint_mismatch]: Footprint 'C_0402_1005Metric' does not match copy in library 'Capacitor_SMD'
    Local override; warning
    @(154.2250 mm, 119.8250 mm): Footprint C122
[lib_footprint_mismatch]: Footprint 'R_0603_1608Metric' does not match copy in library 'Resistor_SMD'
    Local override; warning
    @(142.1000 mm, 115.5000 mm): Footprint R47
[lib_footprint_mismatch]: Footprint 'R_0402_1005Metric' does not match copy in library 'Resistor_SMD'
    Local override; warning
    @(137.0000 mm, 114.8000 mm): Footprint R24
[lib_footprint_mismatch]: Footprint 'R_0402_1005Metric' does not match copy in library 'Resistor_SMD'
    Local override; warning
    @(144.7000 mm, 127.1000 mm): Footprint R7
[lib_footprint_mismatch]: Footprint 'R_0402_1005Metric' does not match copy in library 'Resistor_SMD'
    Local override; warning
    @(137.1500 mm, 61.3000 mm): Footprint R76
[lib_footprint_mismatch]: Footprint 'R_0402_1005Metric' does not match copy in library 'Resistor_SMD'
    Local override; warning
    @(152.3000 mm, 122.3500 mm): Footprint R59
[lib_footprint_mismatch]: Footprint 'R_0402_1005Metric' does not match copy in library 'Resistor_SMD'
    Local override; warning
    @(144.7000 mm, 124.3000 mm): Footprint R10
[lib_footprint_mismatch]: Footprint 'C_1206_3216Metric' does not match copy in library 'Capacitor_SMD'
    Local override; warning
    @(134.5000 mm, 128.9300 mm): Footprint C53
[lib_footprint_mismatch]: Footprint 'C_0402_1005Metric' does not match copy in library 'Capacitor_SMD'
    Local override; warning
    @(149.2250 mm, 135.2700 mm): Footprint C8
[lib_footprint_mismatch]: Footprint 'R_0402_1005Metric' does not match copy in library 'Resistor_SMD'
    Local override; warning
    @(138.3500 mm, 114.7500 mm): Footprint R22
[lib_footprint_mismatch]: Footprint 'C_0402_1005Metric' does not match copy in library 'Capacitor_SMD'
    Local override; warning
    @(141.0750 mm, 135.2000 mm): Footprint C12
[lib_footprint_mismatch]: Footprint 'C_0402_1005Metric' does not match copy in library 'Capacitor_SMD'
    Local override; warning
    @(148.7250 mm, 119.8000 mm): Footprint C123
[lib_footprint_mismatch]: Footprint 'R_0402_1005Metric' does not match copy in library 'Resistor_SMD'
    Local override; warning
    @(154.2250 mm, 121.6750 mm): Footprint R58
[lib_footprint_issues]: Footprint 'Diodes_UDFN-10_1.0x2.5mm_P0.5mm' not found in library 'Package_DFN_QFN'
    Local override; warning
    @(144.8275 mm, 115.6800 mm): Footprint U14
[lib_footprint_mismatch]: Footprint 'C_0402_1005Metric' does not match copy in library 'Capacitor_SMD'
    Local override; warning
    @(142.8500 mm, 112.9700 mm): Footprint C116
[lib_footprint_mismatch]: Footprint 'R_0402_1005Metric' does not match copy in library 'Resistor_SMD'
    Local override; warning
    @(136.6000 mm, 124.3950 mm): Footprint R5
[lib_footprint_mismatch]: Footprint 'R_0402_1005Metric' does not match copy in library 'Resistor_SMD'
    Local override; warning
    @(136.6000 mm, 125.3950 mm): Footprint R12
[lib_footprint_mismatch]: Footprint 'C_1206_3216Metric' does not match copy in library 'Capacitor_SMD'
    Local override; warning
    @(146.8000 mm, 122.3000 mm): Footprint C45
[lib_footprint_mismatch]: Footprint 'R_0402_1005Metric' does not match copy in library 'Resistor_SMD'
    Local override; warning
    @(136.5950 mm, 127.4000 mm): Footprint R9
[lib_footprint_mismatch]: Footprint 'C_0402_1005Metric' does not match copy in library 'Capacitor_SMD'
    Local override; warning
    @(142.8500 mm, 112.0450 mm): Footprint C117
[lib_footprint_mismatch]: Footprint 'C_0603_1608Metric' does not match copy in library 'Capacitor_SMD'
    Local override; warning
    @(143.7600 mm, 70.7900 mm): Footprint C101
[lib_footprint_mismatch]: Footprint 'R_0402_1005Metric' does not match copy in library 'Resistor_SMD'
    Local override; warning
    @(143.9100 mm, 64.3300 mm): Footprint R56
[lib_footprint_mismatch]: Footprint 'R_0402_1005Metric' does not match copy in library 'Resistor_SMD'
    Local override; warning
    @(141.0000 mm, 114.2000 mm): Footprint R57
[lib_footprint_mismatch]: Footprint 'R_0402_1005Metric' does not match copy in library 'Resistor_SMD'
    Local override; warning
    @(148.7000 mm, 122.0000 mm): Footprint R61
[lib_footprint_mismatch]: Footprint 'C_1206_3216Metric' does not match copy in library 'Capacitor_SMD'
    Local override; warning
    @(146.9300 mm, 129.0300 mm): Footprint C51
[lib_footprint_mismatch]: Footprint 'C_0402_1005Metric' does not match copy in library 'Capacitor_SMD'
    Local override; warning
    @(140.1500 mm, 135.2000 mm): Footprint C11
[lib_footprint_mismatch]: Footprint 'C_0402_1005Metric' does not match copy in library 'Capacitor_SMD'
    Local override; warning
    @(142.8500 mm, 113.8950 mm): Footprint C115
[lib_footprint_mismatch]: Footprint 'LED_0805_2012Metric' does not match copy in library 'LED_SMD'
    Local override; warning
    @(134.7500 mm, 114.8000 mm): Footprint D1
[lib_footprint_mismatch]: Footprint 'C_1206_3216Metric' does not match copy in library 'Capacitor_SMD'
    Local override; warning
    @(134.4800 mm, 122.0050 mm): Footprint C49
[lib_footprint_mismatch]: Footprint 'LED_0805_2012Metric' does not match copy in library 'LED_SMD'
    Local override; warning
    @(134.7625 mm, 116.7000 mm): Footprint D4
[lib_footprint_mismatch]: Footprint 'R_0402_1005Metric' does not match copy in library 'Resistor_SMD'
    Local override; warning
    @(145.1500 mm, 125.7000 mm): Footprint R13
[lib_footprint_mismatch]: Footprint 'R_0402_1005Metric' does not match copy in library 'Resistor_SMD'
    Local override; warning
    @(138.6300 mm, 75.3000 mm): Footprint R21
[lib_footprint_mismatch]: Footprint 'C_0402_1005Metric' does not match copy in library 'Capacitor_SMD'
    Local override; warning
    @(142.2750 mm, 135.2500 mm): Footprint C3
[lib_footprint_mismatch]: Footprint 'R_0402_1005Metric' does not match copy in library 'Resistor_SMD'
    Local override; warning
    @(135.1000 mm, 125.2500 mm): Footprint R4
[lib_footprint_mismatch]: Footprint 'R_0402_1005Metric' does not match copy in library 'Resistor_SMD'
    Local override; warning
    @(138.6300 mm, 73.4300 mm): Footprint R20
[lib_footprint_mismatch]: Footprint 'USB_C_Receptacle_HRO_TYPE-C-31-M-12' does not match copy in library 'Connector_USB'
    Local override; warning
    @(150.8200 mm, 67.0150 mm): Footprint J4
[lib_footprint_mismatch]: Footprint 'C_0402_1005Metric' does not match copy in library 'Capacitor_SMD'
    Local override; warning
    @(146.2300 mm, 135.2700 mm): Footprint C6
[lib_footprint_mismatch]: Footprint 'C_0201_0603Metric' does not match copy in library 'Capacitor_SMD'
    Local override; warning
    @(146.7500 mm, 101.9000 mm): Footprint C36
[lib_footprint_mismatch]: Footprint 'C_0603_1608Metric' does not match copy in library 'Capacitor_SMD'
    Local override; warning
    @(138.9000 mm, 94.4000 mm): Footprint C134
[lib_footprint_mismatch]: Footprint 'C_0402_1005Metric' does not match copy in library 'Capacitor_SMD'
    Local override; warning
    @(142.6950 mm, 114.4750 mm): Footprint C114
[lib_footprint_mismatch]: Footprint 'C_0402_1005Metric' does not match copy in library 'Capacitor_SMD'
    Local override; warning
    @(143.5400 mm, 83.5200 mm): Footprint C86
[lib_footprint_mismatch]: Footprint 'C_0603_1608Metric' does not match copy in library 'Capacitor_SMD'
    Local override; warning
    @(152.9250 mm, 134.6950 mm): Footprint C15
[lib_footprint_mismatch]: Footprint 'C_0201_0603Metric' does not match copy in library 'Capacitor_SMD'
    Local override; warning
    @(143.4750 mm, 105.0000 mm): Footprint C28
[lib_footprint_mismatch]: Footprint 'C_0603_1608Metric' does not match copy in library 'Capacitor_SMD'
    Local override; warning
    @(142.0000 mm, 103.5000 mm): Footprint C32
[lib_footprint_mismatch]: Footprint 'C_0201_0603Metric' does not match copy in library 'Capacitor_SMD'
    Local override; warning
    @(149.1500 mm, 87.9000 mm): Footprint C156
[lib_footprint_mismatch]: Footprint 'C_0603_1608Metric' does not match copy in library 'Capacitor_SMD'
    Local override; warning
    @(145.9000 mm, 95.6750 mm): Footprint C21
[lib_footprint_mismatch]: Footprint 'C_0402_1005Metric' does not match copy in library 'Capacitor_SMD'
    Local override; warning
    @(150.4500 mm, 80.7500 mm): Footprint C59
[lib_footprint_mismatch]: Footprint 'C_0201_0603Metric' does not match copy in library 'Capacitor_SMD'
    Local override; warning
    @(137.2800 mm, 108.1000 mm): Footprint C168
[lib_footprint_mismatch]: Footprint 'C_0402_1005Metric' does not match copy in library 'Capacitor_SMD'
    Local override; warning
    @(144.5500 mm, 117.6500 mm): Footprint C121
[lib_footprint_mismatch]: Footprint 'C_0402_1005Metric' does not match copy in library 'Capacitor_SMD'
    Local override; warning
    @(152.3000 mm, 80.7500 mm): Footprint C62
[lib_footprint_mismatch]: Footprint 'R_0402_1005Metric' does not match copy in library 'Resistor_SMD'
    Local override; warning
    @(141.0000 mm, 94.4500 mm): Footprint R14
[lib_footprint_mismatch]: Footprint 'R_0402_1005Metric' does not match copy in library 'Resistor_SMD'
    Local override; warning
    @(143.5500 mm, 66.2200 mm): Footprint R39
[lib_footprint_mismatch]: Footprint 'C_0603_1608Metric' does not match copy in library 'Capacitor_SMD'
    Local override; warning
    @(145.9000 mm, 98.6500 mm): Footprint C22
[lib_footprint_mismatch]: Footprint 'C_0201_0603Metric' does not match copy in library 'Capacitor_SMD'
    Local override; warning
    @(138.0700 mm, 72.7700 mm): Footprint C106
[lib_footprint_mismatch]: Footprint 'R_0402_1005Metric' does not match copy in library 'Resistor_SMD'
    Local override; warning
    @(147.0300 mm, 77.7900 mm): Footprint R31
[lib_footprint_mismatch]: Footprint 'C_0402_1005Metric' does not match copy in library 'Capacitor_SMD'
    Local override; warning
    @(145.4400 mm, 81.1500 mm): Footprint C82
[lib_footprint_mismatch]: Footprint 'R_0402_1005Metric' does not match copy in library 'Resistor_SMD'
    Local override; warning
    @(142.6100 mm, 66.2400 mm): Footprint R40
[lib_footprint_mismatch]: Footprint 'C_0402_1005Metric' does not match copy in library 'Capacitor_SMD'
    Local override; warning
    @(140.0600 mm, 75.0900 mm): Footprint C80
[lib_footprint_mismatch]: Footprint 'R_0402_1005Metric' does not match copy in library 'Resistor_SMD'
    Local override; warning
    @(142.7500 mm, 135.7500 mm): Footprint R26
[lib_footprint_mismatch]: Footprint 'C_1206_3216Metric' does not match copy in library 'Capacitor_SMD'
    Local override; warning
    @(138.1500 mm, 103.9000 mm): Footprint C34
[lib_footprint_mismatch]: Footprint 'R_0402_1005Metric' does not match copy in library 'Resistor_SMD'
    Local override; warning
    @(140.9750 mm, 71.1750 mm): Footprint R54
[lib_footprint_mismatch]: Footprint 'C_0402_1005Metric' does not match copy in library 'Capacitor_SMD'
    Local override; warning
    @(149.4500 mm, 73.7000 mm): Footprint C58
[lib_footprint_mismatch]: Footprint 'C_1206_3216Metric' does not match copy in library 'Capacitor_SMD'
    Local override; warning
    @(152.2500 mm, 108.8500 mm): Footprint C149
[lib_footprint_mismatch]: Footprint 'C_0603_1608Metric' does not match copy in library 'Capacitor_SMD'
    Local override; warning
    @(153.2500 mm, 104.7000 mm): Footprint C160
[lib_footprint_mismatch]: Footprint 'C_0402_1005Metric' does not match copy in library 'Capacitor_SMD'
    Local override; warning
    @(141.9300 mm, 74.9500 mm): Footprint C83
[lib_footprint_mismatch]: Footprint 'C_0201_0603Metric' does not match copy in library 'Capacitor_SMD'
    Local override; warning
    @(137.2750 mm, 101.8000 mm): Footprint C143
[lib_footprint_mismatch]: Footprint 'C_0201_0603Metric' does not match copy in library 'Capacitor_SMD'
    Local override; warning
    @(140.3000 mm, 105.9000 mm): Footprint C169
[lib_footprint_mismatch]: Footprint 'C_0201_0603Metric' does not match copy in library 'Capacitor_SMD'
    Local override; warning
    @(135.0250 mm, 134.8000 mm): Footprint C71
[lib_footprint_mismatch]: Footprint 'C_0402_1005Metric' does not match copy in library 'Capacitor_SMD'
    Local override; warning
    @(146.8500 mm, 84.2000 mm): Footprint C110
[lib_footprint_mismatch]: Footprint 'CP_EIA-3528-21_Kemet-B' does not match copy in library 'Capacitor_Tantalum_SMD'
    Local override; warning
    @(143.7500 mm, 111.5500 mm): Footprint C24
[lib_footprint_mismatch]: Footprint 'C_0603_1608Metric' does not match copy in library 'Capacitor_SMD'
    Local override; warning
    @(138.1000 mm, 106.4000 mm): Footprint C167
[lib_footprint_mismatch]: Footprint 'C_0402_1005Metric' does not match copy in library 'Capacitor_SMD'
    Local override; warning
    @(143.2250 mm, 73.2500 mm): Footprint C96
[lib_footprint_mismatch]: Footprint 'C_0603_1608Metric' does not match copy in library 'Capacitor_SMD'
    Local override; warning
    @(135.8300 mm, 73.0500 mm): Footprint C128
[lib_footprint_mismatch]: Footprint 'C_0603_1608Metric' does not match copy in library 'Capacitor_SMD'
    Local override; warning
    @(141.4050 mm, 66.9400 mm): Footprint C103
[lib_footprint_mismatch]: Footprint 'C_0201_0603Metric' does not match copy in library 'Capacitor_SMD'
    Local override; warning
    @(133.6000 mm, 70.8400 mm): Footprint C100
[lib_footprint_mismatch]: Footprint 'C_0402_1005Metric' does not match copy in library 'Capacitor_SMD'
    Local override; warning
    @(148.1500 mm, 75.1000 mm): Footprint C73
[lib_footprint_mismatch]: Footprint 'C_0402_1005Metric' does not match copy in library 'Capacitor_SMD'
    Local override; warning
    @(146.8500 mm, 82.1500 mm): Footprint C172
[lib_footprint_mismatch]: Footprint 'C_0201_0603Metric' does not match copy in library 'Capacitor_SMD'
    Local override; warning
    @(153.2500 mm, 101.1000 mm): Footprint C164
[lib_footprint_mismatch]: Footprint 'R_0402_1005Metric' does not match copy in library 'Resistor_SMD'
    Local override; warning
    @(138.1500 mm, 91.7500 mm): Footprint R27
[lib_footprint_mismatch]: Footprint 'C_0402_1005Metric' does not match copy in library 'Capacitor_SMD'
    Local override; warning
    @(142.1250 mm, 82.1500 mm): Footprint C76
[lib_footprint_mismatch]: Footprint 'C_0201_0603Metric' does not match copy in library 'Capacitor_SMD'
    Local override; warning
    @(143.0500 mm, 107.0000 mm): Footprint C38
[lib_footprint_mismatch]: Footprint 'C_0201_0603Metric' does not match copy in library 'Capacitor_SMD'
    Local override; warning
    @(138.6250 mm, 133.4000 mm): Footprint C67
[lib_footprint_mismatch]: Footprint 'C_0402_1005Metric' does not match copy in library 'Capacitor_SMD'
    Local override; warning
    @(147.0400 mm, 73.6100 mm): Footprint C84
[lib_footprint_mismatch]: Footprint 'R_0402_1005Metric' does not match copy in library 'Resistor_SMD'
    Local override; warning
    @(142.7500 mm, 134.8000 mm): Footprint R25
[lib_footprint_mismatch]: Footprint 'C_0402_1005Metric' does not match copy in library 'Capacitor_SMD'
    Local override; warning
    @(143.0500 mm, 119.1000 mm): Footprint C120
[lib_footprint_mismatch]: Footprint 'C_0201_0603Metric' does not match copy in library 'Capacitor_SMD'
    Local override; warning
    @(135.0250 mm, 133.4000 mm): Footprint C69
[lib_footprint_mismatch]: Footprint 'C_1206_3216Metric' does not match copy in library 'Capacitor_SMD'
    Local override; warning
    @(150.4800 mm, 99.0000 mm): Footprint C26
[lib_footprint_mismatch]: Footprint 'C_0603_1608Metric' does not match copy in library 'Capacitor_SMD'
    Local override; warning
    @(140.5700 mm, 98.9950 mm): Footprint C141
[lib_footprint_mismatch]: Footprint 'C_0201_0603Metric' does not match copy in library 'Capacitor_SMD'
    Local override; warning
    @(142.1500 mm, 95.2000 mm): Footprint C30
[lib_footprint_mismatch]: Footprint 'C_0201_0603Metric' does not match copy in library 'Capacitor_SMD'
    Local override; warning
    @(140.2500 mm, 100.9000 mm): Footprint C144
[lib_footprint_mismatch]: Footprint 'C_0603_1608Metric' does not match copy in library 'Capacitor_SMD'
    Local override; warning
    @(133.5400 mm, 68.9900 mm): Footprint C94
[lib_footprint_mismatch]: Footprint 'C_0201_0603Metric' does not match copy in library 'Capacitor_SMD'
    Local override; warning
    @(146.4000 mm, 100.8500 mm): Footprint C148
[lib_footprint_mismatch]: Footprint 'C_0201_0603Metric' does not match copy in library 'Capacitor_SMD'
    Local override; warning
    @(144.0500 mm, 99.4750 mm): Footprint C47
[lib_footprint_mismatch]: Footprint 'C_0201_0603Metric' does not match copy in library 'Capacitor_SMD'
    Local override; warning
    @(142.5000 mm, 88.1100 mm): Footprint C124
[lib_footprint_mismatch]: Footprint 'C_0201_0603Metric' does not match copy in library 'Capacitor_SMD'
    Local override; warning
    @(143.2500 mm, 92.8750 mm): Footprint C151
[lib_footprint_mismatch]: Footprint 'R_0402_1005Metric' does not match copy in library 'Resistor_SMD'
    Local override; warning
    @(149.5900 mm, 95.6400 mm): Footprint R15
[lib_footprint_mismatch]: Footprint 'C_1206_3216Metric' does not match copy in library 'Capacitor_SMD'
    Local override; warning
    @(136.3000 mm, 88.3000 mm): Footprint C132
[lib_footprint_mismatch]: Footprint 'C_0201_0603Metric' does not match copy in library 'Capacitor_SMD'
    Local override; warning
    @(141.2500 mm, 105.2000 mm): Footprint C170
[lib_footprint_mismatch]: Footprint 'R_0402_1005Metric' does not match copy in library 'Resistor_SMD'
    Local override; warning
    @(138.3500 mm, 77.1000 mm): Footprint R65
[lib_footprint_mismatch]: Footprint 'C_0201_0603Metric' does not match copy in library 'Capacitor_SMD'
    Local override; warning
    @(134.8600 mm, 68.0000 mm): Footprint C107
[lib_footprint_mismatch]: Footprint 'C_0201_0603Metric' does not match copy in library 'Capacitor_SMD'
    Local override; warning
    @(142.0500 mm, 102.0050 mm): Footprint C29
[lib_footprint_mismatch]: Footprint 'C_0201_0603Metric' does not match copy in library 'Capacitor_SMD'
    Local override; warning
    @(152.0000 mm, 98.4100 mm): Footprint C161
[lib_footprint_mismatch]: Footprint 'C_0201_0603Metric' does not match copy in library 'Capacitor_SMD'
    Local override; warning
    @(144.2500 mm, 101.2000 mm): Footprint C25
[lib_footprint_mismatch]: Footprint 'VQFN-16-1EP_3x3mm_P0.5mm_EP1.68x1.68mm_ThermalVias' does not match copy in library 'Package_DFN_QFN'
    Local override; warning
    @(135.4700 mm, 76.3400 mm): Footprint U17
[lib_footprint_mismatch]: Footprint 'C_1206_3216Metric' does not match copy in library 'Capacitor_SMD'
    Local override; warning
    @(136.3500 mm, 109.7000 mm): Footprint C165
[lib_footprint_mismatch]: Footprint 'C_0603_1608Metric' does not match copy in library 'Capacitor_SMD'
    Local override; warning
    @(152.3500 mm, 102.6000 mm): Footprint C159
[lib_footprint_mismatch]: Footprint 'C_0402_1005Metric' does not match copy in library 'Capacitor_SMD'
    Local override; warning
    @(142.6950 mm, 117.2500 mm): Footprint C14
[lib_footprint_mismatch]: Footprint 'C_0402_1005Metric' does not match copy in library 'Capacitor_SMD'
    Local override; warning
    @(142.7000 mm, 115.4000 mm): Footprint C113
[lib_footprint_mismatch]: Footprint 'C_0201_0603Metric' does not match copy in library 'Capacitor_SMD'
    Local override; warning
    @(148.4500 mm, 101.0000 mm): Footprint C17
[lib_footprint_mismatch]: Footprint 'R_0402_1005Metric' does not match copy in library 'Resistor_SMD'
    Local override; warning
    @(143.8000 mm, 91.4500 mm): Footprint R2
[lib_footprint_mismatch]: Footprint 'R_0402_1005Metric' does not match copy in library 'Resistor_SMD'
    Local override; warning
    @(144.5000 mm, 66.2500 mm): Footprint R38
[lib_footprint_mismatch]: Footprint 'C_1206_3216Metric' does not match copy in library 'Capacitor_SMD'
    Local override; warning
    @(139.8500 mm, 111.7000 mm): Footprint C140
[lib_footprint_mismatch]: Footprint 'C_0201_0603Metric' does not match copy in library 'Capacitor_SMD'
    Local override; warning
    @(139.4000 mm, 89.1000 mm): Footprint C125
[lib_footprint_mismatch]: Footprint 'C_0201_0603Metric' does not match copy in library 'Capacitor_SMD'
    Local override; warning
    @(136.3750 mm, 90.0750 mm): Footprint C136
[lib_footprint_mismatch]: Footprint 'R_0603_1608Metric' does not match copy in library 'Resistor_SMD'
    Local override; warning
    @(136.1900 mm, 127.2000 mm): Footprint R8
[lib_footprint_mismatch]: Footprint 'C_0201_0603Metric' does not match copy in library 'Capacitor_SMD'
    Local override; warning
    @(146.2500 mm, 88.9000 mm): Footprint C91
[lib_footprint_mismatch]: Footprint 'R_0402_1005Metric' does not match copy in library 'Resistor_SMD'
    Local override; warning
    @(134.8000 mm, 69.7400 mm): Footprint R51
[lib_footprint_mismatch]: Footprint 'C_0201_0603Metric' does not match copy in library 'Capacitor_SMD'
    Local override; warning
    @(134.3050 mm, 104.1000 mm): Footprint C171
[lib_footprint_mismatch]: Footprint 'C_0201_0603Metric' does not match copy in library 'Capacitor_SMD'
    Local override; warning
    @(134.5778 mm, 64.4000 mm): Footprint C108
[lib_footprint_mismatch]: Footprint 'R_0402_1005Metric' does not match copy in library 'Resistor_SMD'
    Local override; warning
    @(142.1000 mm, 64.3750 mm): Footprint R36
[lib_footprint_mismatch]: Footprint 'C_0603_1608Metric' does not match copy in library 'Capacitor_SMD'
    Local override; warning
    @(135.0500 mm, 97.4750 mm): Footprint C142
[lib_footprint_mismatch]: Footprint 'C_0201_0603Metric' does not match copy in library 'Capacitor_SMD'
    Local override; warning
    @(141.3500 mm, 102.0200 mm): Footprint C54
[lib_footprint_mismatch]: Footprint 'C_0201_0603Metric' does not match copy in library 'Capacitor_SMD'
    Local override; warning
    @(139.9000 mm, 92.1000 mm): Footprint C92
[lib_footprint_mismatch]: Footprint 'C_0603_1608Metric' does not match copy in library 'Capacitor_SMD'
    Local override; warning
    @(138.6900 mm, 74.5950 mm): Footprint C126
[lib_footprint_mismatch]: Footprint 'C_0603_1608Metric' does not match copy in library 'Capacitor_SMD'
    Local override; warning
    @(135.8500 mm, 83.8800 mm): Footprint C130
[lib_footprint_mismatch]: Footprint 'C_0201_0603Metric' does not match copy in library 'Capacitor_SMD'
    Local override; warning
    @(144.7000 mm, 102.9000 mm): Footprint C150
[lib_footprint_mismatch]: Footprint 'C_1206_3216Metric' does not match copy in library 'Capacitor_SMD'
    Local override; warning
    @(134.4000 mm, 101.0500 mm): Footprint C88
[lib_footprint_mismatch]: Footprint 'R_0402_1005Metric' does not match copy in library 'Resistor_SMD'
    Local override; warning
    @(144.9250 mm, 83.1750 mm): Footprint R17
[lib_footprint_mismatch]: Footprint 'C_0603_1608Metric' does not match copy in library 'Capacitor_SMD'
    Local override; warning
    @(139.4500 mm, 90.2500 mm): Footprint C89
[lib_footprint_mismatch]: Footprint 'C_0603_1608Metric' does not match copy in library 'Capacitor_SMD'
    Local override; warning
    @(143.2500 mm, 89.6250 mm): Footprint C90
[lib_footprint_mismatch]: Footprint 'C_0201_0603Metric' does not match copy in library 'Capacitor_SMD'
    Local override; warning
    @(140.2500 mm, 97.1000 mm): Footprint C138
[lib_footprint_mismatch]: Footprint 'R_0402_1005Metric' does not match copy in library 'Resistor_SMD'
    Local override; warning
    @(148.6000 mm, 95.0000 mm): Footprint R3
[lib_footprint_mismatch]: Footprint 'C_0201_0603Metric' does not match copy in library 'Capacitor_SMD'
    Local override; warning
    @(138.8500 mm, 63.4750 mm): Footprint C109
[lib_footprint_mismatch]: Footprint 'C_0603_1608Metric' does not match copy in library 'Capacitor_SMD'
    Local override; warning
    @(135.2000 mm, 92.4500 mm): Footprint C133
[lib_footprint_mismatch]: Footprint 'R_0402_1005Metric' does not match copy in library 'Resistor_SMD'
    Local override; warning
    @(138.7500 mm, 96.7500 mm): Footprint R45
[lib_footprint_mismatch]: Footprint 'R_0402_1005Metric' does not match copy in library 'Resistor_SMD'
    Local override; warning
    @(139.4750 mm, 71.8500 mm): Footprint R53
[lib_footprint_mismatch]: Footprint 'R_0402_1005Metric' does not match copy in library 'Resistor_SMD'
    Local override; warning
    @(136.3000 mm, 129.8000 mm): Footprint R34
[lib_footprint_mismatch]: Footprint 'C_0603_1608Metric' does not match copy in library 'Capacitor_SMD'
    Local override; warning
    @(141.9500 mm, 107.0500 mm): Footprint C40
[lib_footprint_mismatch]: Footprint 'C_0402_1005Metric' does not match copy in library 'Capacitor_SMD'
    Local override; warning
    @(143.8000 mm, 74.7000 mm): Footprint C74
[lib_footprint_mismatch]: Footprint 'C_0201_0603Metric' does not match copy in library 'Capacitor_SMD'
    Local override; warning
    @(147.0500 mm, 99.0000 mm): Footprint C18
[lib_footprint_mismatch]: Footprint 'R_0402_1005Metric' does not match copy in library 'Resistor_SMD'
    Local override; warning
    @(141.0000 mm, 64.3900 mm): Footprint R41
[lib_footprint_mismatch]: Footprint 'C_0402_1005Metric' does not match copy in library 'Capacitor_SMD'
    Local override; warning
    @(143.2500 mm, 68.0750 mm): Footprint C97
[lib_footprint_mismatch]: Footprint 'C_0402_1005Metric' does not match copy in library 'Capacitor_SMD'
    Local override; warning
    @(148.7000 mm, 80.7500 mm): Footprint C78
[lib_footprint_mismatch]: Footprint 'C_1206_3216Metric' does not match copy in library 'Capacitor_SMD'
    Local override; warning
    @(152.2500 mm, 72.7900 mm): Footprint C85
[lib_footprint_mismatch]: Footprint 'R_0402_1005Metric' does not match copy in library 'Resistor_SMD'
    Local override; warning
    @(137.4500 mm, 99.2500 mm): Footprint R46
[lib_footprint_mismatch]: Footprint 'C_0201_0603Metric' does not match copy in library 'Capacitor_SMD'
    Local override; warning
    @(141.0750 mm, 69.4500 mm): Footprint C104
[lib_footprint_mismatch]: Footprint 'R_0402_1005Metric' does not match copy in library 'Resistor_SMD'
    Local override; warning
    @(145.0000 mm, 76.9500 mm): Footprint R30
[lib_footprint_mismatch]: Footprint 'C_0201_0603Metric' does not match copy in library 'Capacitor_SMD'
    Local override; warning
    @(147.0500 mm, 94.5450 mm): Footprint C118
[lib_footprint_mismatch]: Footprint 'R_0402_1005Metric' does not match copy in library 'Resistor_SMD'
    Local override; warning
    @(148.6800 mm, 77.9000 mm): Footprint R42
[lib_footprint_mismatch]: Footprint 'R_0402_1005Metric' does not match copy in library 'Resistor_SMD'
    Local override; warning
    @(143.2500 mm, 64.3600 mm): Footprint R32
[lib_footprint_mismatch]: Footprint 'C_0402_1005Metric' does not match copy in library 'Capacitor_SMD'
    Local override; warning
    @(146.8500 mm, 83.1750 mm): Footprint C57
[lib_footprint_mismatch]: Footprint 'R_0402_1005Metric' does not match copy in library 'Resistor_SMD'
    Local override; warning
    @(144.9250 mm, 84.2000 mm): Footprint R18
[lib_footprint_mismatch]: Footprint 'C_0201_0603Metric' does not match copy in library 'Capacitor_SMD'
    Local override; warning
    @(151.6500 mm, 95.1000 mm): Footprint C154
[lib_footprint_mismatch]: Footprint 'C_0201_0603Metric' does not match copy in library 'Capacitor_SMD'
    Local override; warning
    @(150.4750 mm, 102.0200 mm): Footprint C163
[lib_footprint_mismatch]: Footprint 'C_0201_0603Metric' does not match copy in library 'Capacitor_SMD'
    Local override; warning
    @(133.9500 mm, 83.8800 mm): Footprint C129
[lib_footprint_mismatch]: Footprint 'C_0603_1608Metric' does not match copy in library 'Capacitor_SMD'
    Local override; warning
    @(138.4000 mm, 127.1500 mm): Footprint C44
[lib_footprint_mismatch]: Footprint 'C_0402_1005Metric' does not match copy in library 'Capacitor_SMD'
    Local override; warning
    @(136.8450 mm, 63.4000 mm): Footprint C93
[lib_footprint_mismatch]: Footprint 'C_0603_1608Metric' does not match copy in library 'Capacitor_SMD'
    Local override; warning
    @(135.0500 mm, 107.3500 mm): Footprint C166
[lib_footprint_mismatch]: Footprint 'R_0603_1608Metric' does not match copy in library 'Resistor_SMD'
    Local override; warning
    @(137.5000 mm, 131.4750 mm): Footprint R35
[lib_footprint_mismatch]: Footprint 'C_0603_1608Metric' does not match copy in library 'Capacitor_SMD'
    Local override; warning
    @(148.6000 mm, 98.8000 mm): Footprint C23
[lib_footprint_mismatch]: Footprint 'C_0402_1005Metric' does not match copy in library 'Capacitor_SMD'
    Local override; warning
    @(145.1700 mm, 73.6100 mm): Footprint C79
[lib_footprint_mismatch]: Footprint 'C_0402_1005Metric' does not match copy in library 'Capacitor_SMD'
    Local override; warning
    @(143.8750 mm, 126.8500 mm): Footprint C50
[lib_footprint_mismatch]: Footprint 'C_1206_3216Metric' does not match copy in library 'Capacitor_SMD'
    Local override; warning
    @(135.4000 mm, 85.7800 mm): Footprint C131
[lib_footprint_mismatch]: Footprint 'C_0603_1608Metric' does not match copy in library 'Capacitor_SMD'
    Local override; warning
    @(141.0750 mm, 122.9500 mm): Footprint C43
[lib_footprint_mismatch]: Footprint 'C_0402_1005Metric' does not match copy in library 'Capacitor_SMD'
    Local override; warning
    @(144.0500 mm, 79.9500 mm): Footprint C81
[lib_footprint_mismatch]: Footprint 'C_0201_0603Metric' does not match copy in library 'Capacitor_SMD'
    Local override; warning
    @(151.4000 mm, 106.6000 mm): Footprint C39
[lib_footprint_mismatch]: Footprint 'C_0603_1608Metric' does not match copy in library 'Capacitor_SMD'
    Local override; warning
    @(133.6000 mm, 72.8500 mm): Footprint C98
[lib_footprint_mismatch]: Footprint 'R_0402_1005Metric' does not match copy in library 'Resistor_SMD'
    Local override; warning
    @(140.0500 mm, 73.2500 mm): Footprint R19
[lib_footprint_mismatch]: Footprint 'C_0201_0603Metric' does not match copy in library 'Capacitor_SMD'
    Local override; warning
    @(145.4600 mm, 92.8900 mm): Footprint C20
[lib_footprint_mismatch]: Footprint 'R_0402_1005Metric' does not match copy in library 'Resistor_SMD'
    Local override; warning
    @(150.4000 mm, 105.3000 mm): Footprint R1
[lib_footprint_mismatch]: Footprint 'C_0201_0603Metric' does not match copy in library 'Capacitor_SMD'
    Local override; warning
    @(135.5500 mm, 95.9000 mm): Footprint C146
[lib_footprint_mismatch]: Footprint 'L_0805_2012Metric' does not match copy in library 'Inductor_SMD'
    Local override; warning
    @(146.6500 mm, 105.3500 mm): Footprint FB1
[lib_footprint_mismatch]: Footprint 'C_0402_1005Metric' does not match copy in library 'Capacitor_SMD'
    Local override; warning
    @(153.3000 mm, 74.4000 mm): Footprint C65
[lib_footprint_mismatch]: Footprint 'C_0603_1608Metric' does not match copy in library 'Capacitor_SMD'
    Local override; warning
    @(139.7250 mm, 132.8250 mm): Footprint C66
[lib_footprint_mismatch]: Footprint 'R_0402_1005Metric' does not match copy in library 'Resistor_SMD'
    Local override; warning
    @(134.7500 mm, 89.9500 mm): Footprint R43
[lib_footprint_mismatch]: Footprint 'C_0402_1005Metric' does not match copy in library 'Capacitor_SMD'
    Local override; warning
    @(150.0000 mm, 75.7500 mm): Footprint C13
[lib_footprint_issues]: Footprint 'Diodes_UDFN-10_1.0x2.5mm_P0.5mm' not found in library 'Package_DFN_QFN'
    Local override; warning
    @(144.7500 mm, 115.6500 mm): Footprint U16
[hole_to_hole]: Drilled hole too close to other hole (board setup constraints min 0.3495 mm; actual 0.2649 mm)
    Rule: board setup constraints; warning
    @(134.9580 mm, 86.3867 mm): Via [GND] on F.Cu - B.Cu
    @(134.7000 mm, 86.0000 mm): Via [+VBUS_3V3] on F.Cu - B.Cu
[hole_to_hole]: Drilled hole too close to other hole (board setup constraints min 0.3495 mm; actual 0.2717 mm)
    Rule: board setup constraints; warning
    @(142.9000 mm, 108.5500 mm): Via [GND] on F.Cu - B.Cu
    @(142.5000 mm, 108.8000 mm): Via [GND] on F.Cu - B.Cu
[hole_to_hole]: Drilled hole too close to other hole (board setup constraints min 0.3495 mm; actual 0.2214 mm)
    Rule: board setup constraints; warning
    @(135.9596 mm, 85.7456 mm): Via [GND] on F.Cu - B.Cu
    @(135.9202 mm, 86.1652 mm): Via [GND] on F.Cu - B.Cu
[hole_to_hole]: Drilled hole too close to other hole (board setup constraints min 0.3495 mm; actual 0.3250 mm)
    Rule: board setup constraints; warning
    @(135.9596 mm, 85.7456 mm): Via [GND] on F.Cu - B.Cu
    @(135.9596 mm, 85.2206 mm): Via [GND] on F.Cu - B.Cu
[hole_to_hole]: Drilled hole too close to other hole (board setup constraints min 0.3495 mm; actual 0.3326 mm)
    Rule: board setup constraints; warning
    @(138.2000 mm, 60.8000 mm): Via [GND] on F.Cu - B.Cu
    @(138.5400 mm, 61.2100 mm): Via [GND] on F.Cu - B.Cu
[hole_to_hole]: Drilled hole too close to other hole (board setup constraints min 0.3495 mm; actual 0.2330 mm)
    Rule: board setup constraints; warning
    @(134.8365 mm, 70.8450 mm): Via [GND] on F.Cu - B.Cu
    @(135.0898 mm, 71.1962 mm): Via [GND] on F.Cu - B.Cu
[hole_to_hole]: Drilled hole too close to other hole (board setup constraints min 0.3495 mm; actual 0.2357 mm)
    Rule: board setup constraints; warning
    @(143.8000 mm, 115.5000 mm): Via [GND] on F.Cu - B.Cu
    @(143.7300 mm, 115.9300 mm): Via [GND] on F.Cu - B.Cu
[hole_to_hole]: Drilled hole too close to other hole (board setup constraints min 0.3495 mm; actual 0.3235 mm)
    Rule: board setup constraints; warning
    @(149.2000 mm, 68.3000 mm): Via [GND] on F.Cu - B.Cu
    @(150.2100 mm, 69.5550 mm): NPTH pad of J2
[hole_to_hole]: Drilled hole too close to other hole (board setup constraints min 0.3495 mm; actual 0.3393 mm)
    Rule: board setup constraints; warning
    @(149.2000 mm, 68.3000 mm): Via [GND] on F.Cu - B.Cu
    @(148.3050 mm, 68.0310 mm): NPTH pad of J2
[hole_to_hole]: Drilled hole too close to other hole (board setup constraints min 0.3495 mm; actual 0.2949 mm)
    Rule: board setup constraints; warning
    @(153.3850 mm, 64.4750 mm): NPTH pad of J2
    @(154.2500 mm, 65.8000 mm): Via [GND] on F.Cu - B.Cu
[hole_to_hole]: Drilled hole too close to other hole (board setup constraints min 0.3495 mm; actual 0.3281 mm)
    Rule: board setup constraints; warning
    @(143.7545 mm, 70.7900 mm): Via [GND] on F.Cu - B.Cu
    @(143.2785 mm, 71.0186 mm): Via [GND] on F.Cu - B.Cu
[hole_to_hole]: Drilled hole too close to other hole (board setup constraints min 0.3495 mm; actual 0.2698 mm)
    Rule: board setup constraints; warning
    @(154.2500 mm, 67.0000 mm): Via [GND] on F.Cu - B.Cu
    @(153.3850 mm, 67.0150 mm): NPTH pad of J2
[hole_to_hole]: Drilled hole too close to other hole (board setup constraints min 0.3495 mm; actual 0.2855 mm)
    Rule: board setup constraints; warning
    @(138.8000 mm, 60.8000 mm): Via [GND] on F.Cu - B.Cu
    @(138.5400 mm, 61.2100 mm): Via [GND] on F.Cu - B.Cu
[hole_to_hole]: Drilled hole too close to other hole (board setup constraints min 0.3495 mm; actual 0.3201 mm)
    Rule: board setup constraints; warning
    @(153.3850 mm, 69.5550 mm): NPTH pad of J2
    @(154.2500 mm, 68.2000 mm): Via [GND] on F.Cu - B.Cu
[hole_to_hole]: Drilled hole too close to other hole (board setup constraints min 0.3495 mm; actual 0.3401 mm)
    Rule: board setup constraints; warning
    @(134.3600 mm, 68.7900 mm): Via [+3V3] on F.Cu - B.Cu
    @(134.3500 mm, 68.2500 mm): Via [+3V3] on F.Cu - B.Cu
[hole_to_hole]: Drilled hole too close to other hole (board setup constraints min 0.3495 mm; actual 0.3385 mm)
    Rule: board setup constraints; warning
    @(150.1500 mm, 71.6000 mm): Via [+1V5] on F.Cu - B.Cu
    @(149.6500 mm, 71.8000 mm): Via [+1V5] on F.Cu - B.Cu
[hole_to_hole]: Drilled hole too close to other hole (board setup constraints min 0.3495 mm; actual 0.3006 mm)
    Rule: board setup constraints; warning
    @(138.0500 mm, 132.7500 mm): Via [+VM2_3V3] on F.Cu - B.Cu
    @(138.0750 mm, 133.2500 mm): Via [+VM2_3V3] on F.Cu - B.Cu
[hole_to_hole]: Drilled hole too close to other hole (board setup constraints min 0.3495 mm; actual 0.2562 mm)
    Rule: board setup constraints; warning
    @(138.0750 mm, 133.2500 mm): Via [+VM2_3V3] on F.Cu - B.Cu
    @(138.1500 mm, 133.7000 mm): Via [+VM2_3V3] on F.Cu - B.Cu
[hole_to_hole]: Drilled hole too close to other hole (board setup constraints min 0.3495 mm; actual 0.3250 mm)
    Rule: board setup constraints; warning
    @(149.2255 mm, 65.7520 mm): Via [Net-(J2-SWCLK/TCK)] on F.Cu - B.Cu
    @(150.2100 mm, 64.4750 mm): NPTH pad of J2
[hole_to_hole]: Drilled hole too close to other hole (board setup constraints min 0.3495 mm; actual 0.3250 mm)
    Rule: board setup constraints; warning
    @(150.2314 mm, 66.0873 mm): Via [Net-(J2-SWCLK/TCK)] on F.Cu - B.Cu
    @(150.2100 mm, 64.4750 mm): NPTH pad of J2
[hole_to_hole]: Drilled hole too close to other hole (board setup constraints min 0.3495 mm; actual 0.3250 mm)
    Rule: board setup constraints; warning
    @(150.2100 mm, 69.5550 mm): NPTH pad of J2
    @(150.2314 mm, 67.9427 mm): Via [Net-(J2-~{RESET})] on F.Cu - B.Cu
[hole_to_hole]: Drilled hole too close to other hole (board setup constraints min 0.3495 mm; actual 0.3250 mm)
    Rule: board setup constraints; warning
    @(148.3050 mm, 65.9990 mm): NPTH pad of J2
    @(148.9225 mm, 66.6814 mm): Via [Net-(J2-~{RESET})] on F.Cu - B.Cu
[hole_to_hole]: Drilled hole too close to other hole (board setup constraints min 0.3495 mm; actual 0.3250 mm)
    Rule: board setup constraints; warning
    @(148.2200 mm, 64.1250 mm): NPTH pad of J4
    @(148.5933 mm, 64.7755 mm): Via [Net-(J2-SWDIO/TMS)] on F.Cu - B.Cu
[hole_to_hole]: Drilled hole too close to other hole (board setup constraints min 0.3495 mm; actual 0.2799 mm)
    Rule: board setup constraints; warning
    @(135.1596 mm, 85.1500 mm): Via [+VBUS_3V3] on F.Cu - B.Cu
    @(134.7500 mm, 85.4000 mm): Via [+VBUS_3V3] on F.Cu - B.Cu
[hole_to_hole]: Drilled hole too close to other hole (board setup constraints min 0.3495 mm; actual 0.3232 mm)
    Rule: board setup constraints; warning
    @(134.7000 mm, 86.0000 mm): Via [+VBUS_3V3] on F.Cu - B.Cu
    @(135.1596 mm, 85.7500 mm): Via [+VBUS_3V3] on F.Cu - B.Cu
[hole_to_hole]: Drilled hole too close to other hole (board setup constraints min 0.3495 mm; actual 0.2507 mm)
    Rule: board setup constraints; warning
    @(135.6000 mm, 132.7500 mm): Via [+VBUS_3V3] on F.Cu - B.Cu
    @(135.5750 mm, 133.2000 mm): Via [+VBUS_3V3] on F.Cu - B.Cu
[hole_to_hole]: Drilled hole too close to other hole (board setup constraints min 0.3495 mm; actual 0.3388 mm)
    Rule: board setup constraints; warning
    @(134.7500 mm, 85.4000 mm): Via [+VBUS_3V3] on F.Cu - B.Cu
    @(135.1596 mm, 85.7500 mm): Via [+VBUS_3V3] on F.Cu - B.Cu
[hole_to_hole]: Drilled hole too close to other hole (board setup constraints min 0.3495 mm; actual 0.3250 mm)
    Rule: board setup constraints; warning
    @(135.5750 mm, 133.2000 mm): Via [+VBUS_3V3] on F.Cu - B.Cu
    @(135.5750 mm, 133.7250 mm): Via [+VBUS_3V3] on F.Cu - B.Cu
[hole_to_hole]: Drilled hole too close to other hole (board setup constraints min 0.3495 mm; actual 0.3250 mm)
    Rule: board setup constraints; warning
    @(148.2200 mm, 64.1250 mm): NPTH pad of J4
    @(148.5933 mm, 64.7755 mm): Via [Net-(J2-SWDIO/TMS)] on F.Cu - B.Cu
[hole_to_hole]: Drilled hole too close to other hole (board setup constraints min 0.3495 mm; actual 0.3201 mm)
    Rule: board setup constraints; warning
    @(153.3850 mm, 69.5550 mm): NPTH pad of J2
    @(154.2500 mm, 68.2000 mm): Via [GND] on F.Cu - B.Cu
[hole_to_hole]: Drilled hole too close to other hole (board setup constraints min 0.3495 mm; actual 0.2698 mm)
    Rule: board setup constraints; warning
    @(154.2500 mm, 67.0000 mm): Via [GND] on F.Cu - B.Cu
    @(153.3850 mm, 67.0150 mm): NPTH pad of J2
[hole_to_hole]: Drilled hole too close to other hole (board setup constraints min 0.3495 mm; actual 0.2949 mm)
    Rule: board setup constraints; warning
    @(153.3850 mm, 64.4750 mm): NPTH pad of J2
    @(154.2500 mm, 65.8000 mm): Via [GND] on F.Cu - B.Cu
[hole_to_hole]: Drilled hole too close to other hole (board setup constraints min 0.3495 mm; actual 0.3235 mm)
    Rule: board setup constraints; warning
    @(149.2000 mm, 68.3000 mm): Via [GND] on F.Cu - B.Cu
    @(150.2100 mm, 69.5550 mm): NPTH pad of J2
[hole_to_hole]: Drilled hole too close to other hole (board setup constraints min 0.3495 mm; actual 0.3250 mm)
    Rule: board setup constraints; warning
    @(150.2100 mm, 69.5550 mm): NPTH pad of J2
    @(150.2314 mm, 67.9427 mm): Via [Net-(J2-~{RESET})] on F.Cu - B.Cu
[hole_to_hole]: Drilled hole too close to other hole (board setup constraints min 0.3495 mm; actual 0.3250 mm)
    Rule: board setup constraints; warning
    @(150.2314 mm, 66.0873 mm): Via [Net-(J2-SWCLK/TCK)] on F.Cu - B.Cu
    @(150.2100 mm, 64.4750 mm): NPTH pad of J2
[hole_to_hole]: Drilled hole too close to other hole (board setup constraints min 0.3495 mm; actual 0.3250 mm)
    Rule: board setup constraints; warning
    @(149.2255 mm, 65.7520 mm): Via [Net-(J2-SWCLK/TCK)] on F.Cu - B.Cu
    @(150.2100 mm, 64.4750 mm): NPTH pad of J2
[hole_to_hole]: Drilled hole too close to other hole (board setup constraints min 0.3495 mm; actual 0.3393 mm)
    Rule: board setup constraints; warning
    @(149.2000 mm, 68.3000 mm): Via [GND] on F.Cu - B.Cu
    @(148.3050 mm, 68.0310 mm): NPTH pad of J2
[hole_to_hole]: Drilled hole too close to other hole (board setup constraints min 0.3495 mm; actual 0.3250 mm)
    Rule: board setup constraints; warning
    @(148.3050 mm, 65.9990 mm): NPTH pad of J2
    @(148.9225 mm, 66.6814 mm): Via [Net-(J2-~{RESET})] on F.Cu - B.Cu
[silk_edge_clearance]: Silkscreen clipped by board edge
    Rule: board setup constraints silk; warning
    @(132.7500 mm, 60.7500 mm): Segment of J1 on Edge.Cuts
    @(132.1400 mm, 85.8900 mm): Segment of U1 on F.Silkscreen
[silk_edge_clearance]: Silkscreen clipped by board edge
    Rule: board setup constraints silk; warning
    @(132.7500 mm, 60.7500 mm): Segment of J1 on Edge.Cuts
    @(154.3600 mm, 109.1100 mm): Segment of U1 on F.Silkscreen
[silk_edge_clearance]: Silkscreen clipped by board edge
    Rule: board setup constraints silk; warning
    @(132.7500 mm, 60.7500 mm): Segment of J1 on Edge.Cuts
    @(132.8050 mm, 73.0000 mm): Segment of U7 on F.Silkscreen
[silk_edge_clearance]: Silkscreen clipped by board edge
    Rule: board setup constraints silk; warning
    @(132.7500 mm, 60.7500 mm): Segment of J1 on Edge.Cuts
    @(132.8050 mm, 79.2200 mm): Segment of U7 on F.Silkscreen
[silk_edge_clearance]: Silkscreen clipped by board edge
    Rule: board setup constraints silk; warning
    @(132.7500 mm, 60.7500 mm): Segment of J1 on Edge.Cuts
    @(133.0500 mm, 79.2200 mm): Segment of U7 on F.Silkscreen
[silk_edge_clearance]: Silkscreen clipped by board edge
    Rule: board setup constraints silk; warning
    @(154.7500 mm, 136.0500 mm): Segment of J1 on Edge.Cuts
    @(152.8200 mm, 62.3150 mm): Segment of J4 on F.Silkscreen
[silk_edge_clearance]: Silkscreen clipped by board edge
    Rule: board setup constraints silk; warning
    @(154.7500 mm, 136.0500 mm): Segment of J1 on Edge.Cuts
    @(152.8200 mm, 71.7150 mm): Segment of J4 on F.Silkscreen
[silk_edge_clearance]: Silkscreen clipped by board edge
    Rule: board setup constraints silk; warning
    @(154.7500 mm, 136.0500 mm): Segment of J1 on Edge.Cuts
    @(154.7200 mm, 71.7150 mm): Segment of J4 on F.Silkscreen
[silk_edge_clearance]: Silkscreen clipped by board edge
    Rule: board setup constraints silk; warning
    @(154.7500 mm, 136.0500 mm): Segment of J1 on Edge.Cuts
    @(153.7400 mm, 111.1700 mm): Segment of J7 on F.Silkscreen
[silk_edge_clearance]: Silkscreen clipped by board edge
    Rule: board setup constraints silk; warning
    @(154.7500 mm, 136.0500 mm): Segment of J1 on Edge.Cuts
    @(154.7000 mm, 117.7900 mm): Segment of J7 on F.Silkscreen
[silk_edge_clearance]: Silkscreen clipped by board edge
    Rule: board setup constraints silk; warning
    @(154.7500 mm, 136.0500 mm): Segment of J1 on Edge.Cuts
    @(154.7000 mm, 117.7900 mm): Segment of J7 on F.Silkscreen
[silk_edge_clearance]: Silkscreen clipped by board edge
    Rule: board setup constraints silk; warning
    @(137.6250 mm, 137.3500 mm): Arc of J1 on Edge.Cuts
    @(136.8250 mm, 136.6300 mm): Reference field of U5
[connection_width]: Copper connection too narrow (board setup constraints minimum connection width 0.1000 mm; actual 0.0145 mm) (In4.Cu (GND))
    Rule: board setup constraints; warning
    @(138.0750 mm, 133.2500 mm): Via [+VM2_3V3] on F.Cu - B.Cu
    @(138.1500 mm, 133.7000 mm): Via [+VM2_3V3] on F.Cu - B.Cu
[connection_width]: Copper connection too narrow (board setup constraints minimum connection width 0.1000 mm; actual 0.0645 mm) (In3.Cu (PWR))
    Rule: board setup constraints; warning
    @(135.5750 mm, 133.2000 mm): Via [+VBUS_3V3] on F.Cu - B.Cu
    @(135.6000 mm, 132.7500 mm): Via [+VBUS_3V3] on F.Cu - B.Cu
[connection_width]: Copper connection too narrow (board setup constraints minimum connection width 0.1000 mm; actual 0.0645 mm) (In4.Cu (GND))
    Rule: board setup constraints; warning
    @(135.5750 mm, 133.2000 mm): Via [+VBUS_3V3] on F.Cu - B.Cu
    @(135.6000 mm, 132.7500 mm): Via [+VBUS_3V3] on F.Cu - B.Cu
[connection_width]: Copper connection too narrow (board setup constraints minimum connection width 0.1000 mm; actual 0.0145 mm) (In1.Cu (GND))
    Rule: board setup constraints; warning
    @(138.0750 mm, 133.2500 mm): Via [+VM2_3V3] on F.Cu - B.Cu
    @(138.1500 mm, 133.7000 mm): Via [+VM2_3V3] on F.Cu - B.Cu
[connection_width]: Copper connection too narrow (board setup constraints minimum connection width 0.1000 mm; actual 0.0145 mm) (In2.Cu )
    Rule: board setup constraints; warning
    @(138.0750 mm, 133.2500 mm): Via [+VM2_3V3] on F.Cu - B.Cu
    @(138.1500 mm, 133.7000 mm): Via [+VM2_3V3] on F.Cu - B.Cu
[connection_width]: Copper connection too narrow (board setup constraints minimum connection width 0.1000 mm; actual 0.0645 mm) (In1.Cu (GND))
    Rule: board setup constraints; warning
    @(135.5750 mm, 133.2000 mm): Via [+VBUS_3V3] on F.Cu - B.Cu
    @(135.6000 mm, 132.7500 mm): Via [+VBUS_3V3] on F.Cu - B.Cu
[connection_width]: Copper connection too narrow (board setup constraints minimum connection width 0.1000 mm; actual 0.0645 mm) (F.Cu)
    Rule: board setup constraints; warning
    @(135.5750 mm, 133.2000 mm): Via [+VBUS_3V3] on F.Cu - B.Cu
    @(135.6000 mm, 132.7500 mm): Via [+VBUS_3V3] on F.Cu - B.Cu
[connection_width]: Copper connection too narrow (board setup constraints minimum connection width 0.1000 mm; actual 0.0563 mm) (In3.Cu (PWR))
    Rule: board setup constraints; warning
    @(148.0000 mm, 93.1000 mm): Zone '1V0 fill' [+1V0] on In3.Cu (PWR), priority 13
[connection_width]: Copper connection too narrow (board setup constraints minimum connection width 0.1000 mm; actual 0.0571 mm) (In3.Cu (PWR))
    Rule: board setup constraints; warning
    @(148.0000 mm, 93.1000 mm): Zone '1V0 fill' [+1V0] on In3.Cu (PWR), priority 13
[connection_width]: Copper connection too narrow (board setup constraints minimum connection width 0.1000 mm; actual 0.0797 mm) (In3.Cu (PWR))
    Rule: board setup constraints; warning
    @(148.0000 mm, 93.1000 mm): Zone '1V0 fill' [+1V0] on In3.Cu (PWR), priority 13
[connection_width]: Copper connection too narrow (board setup constraints minimum connection width 0.1000 mm; actual 0.0495 mm) (In3.Cu (PWR))
    Rule: board setup constraints; warning
    @(148.0000 mm, 93.1000 mm): Zone '1V0 fill' [+1V0] on In3.Cu (PWR), priority 13
[connection_width]: Copper connection too narrow (board setup constraints minimum connection width 0.1000 mm; actual 0.0649 mm) (In3.Cu (PWR))
    Rule: board setup constraints; warning
    @(148.0000 mm, 93.1000 mm): Zone '1V0 fill' [+1V0] on In3.Cu (PWR), priority 13
[connection_width]: Copper connection too narrow (board setup constraints minimum connection width 0.1000 mm; actual 0.0614 mm) (In3.Cu (PWR))
    Rule: board setup constraints; warning
    @(148.0000 mm, 93.1000 mm): Zone '1V0 fill' [+1V0] on In3.Cu (PWR), priority 13
[connection_width]: Copper connection too narrow (board setup constraints minimum connection width 0.1000 mm; actual 0.0645 mm) (In2.Cu )
    Rule: board setup constraints; warning
    @(135.5750 mm, 133.2000 mm): Via [+VBUS_3V3] on F.Cu - B.Cu
    @(135.6000 mm, 132.7500 mm): Via [+VBUS_3V3] on F.Cu - B.Cu
[connection_width]: Copper connection too narrow (board setup constraints minimum connection width 0.1000 mm; actual 0.0024 mm) (B.Cu)
    Rule: board setup constraints; warning
    @(132.6970 mm, 92.5466 mm): Zone '3V3 top stitching fill' [+3V3] on F.Cu and B.Cu, priority 36
    @(137.0500 mm, 90.7500 mm): Zone '3V3' [+3V3] on B.Cu, priority 9
[connection_width]: Copper connection too narrow (board setup constraints minimum connection width 0.1000 mm; actual 0.0145 mm) (F.Cu)
    Rule: board setup constraints; warning
    @(138.1500 mm, 133.7000 mm): Via [+VM2_3V3] on F.Cu - B.Cu
    @(138.0750 mm, 133.2500 mm): Via [+VM2_3V3] on F.Cu - B.Cu
[connection_width]: Copper connection too narrow (board setup constraints minimum connection width 0.1000 mm; actual 0.0449 mm) (B.Cu)
    Rule: board setup constraints; warning
    @(131.5000 mm, 57.1735 mm): Zone 'GND pour' [GND] on F.Cu, B.Cu and 3 more, priority 0
[connection_width]: Copper connection too narrow (board setup constraints minimum connection width 0.1000 mm; actual 0.0693 mm) (B.Cu)
    Rule: board setup constraints; warning
    @(131.5000 mm, 57.1735 mm): Zone 'GND pour' [GND] on F.Cu, B.Cu and 3 more, priority 0
[connection_width]: Copper connection too narrow (board setup constraints minimum connection width 0.1000 mm; actual 0.0804 mm) (F.Cu)
    Rule: board setup constraints; warning
    @(131.5000 mm, 57.1735 mm): Zone 'GND pour' [GND] on F.Cu, B.Cu and 3 more, priority 0
[connection_width]: Copper connection too narrow (board setup constraints minimum connection width 0.1000 mm; actual 0.0810 mm) (F.Cu)
    Rule: board setup constraints; warning
    @(131.5000 mm, 57.1735 mm): Zone 'GND pour' [GND] on F.Cu, B.Cu and 3 more, priority 0
[connection_width]: Copper connection too narrow (board setup constraints minimum connection width 0.1000 mm; actual 0.0818 mm) (B.Cu)
    Rule: board setup constraints; warning
    @(131.5000 mm, 57.1735 mm): Zone 'GND pour' [GND] on F.Cu, B.Cu and 3 more, priority 0
[connection_width]: Copper connection too narrow (board setup constraints minimum connection width 0.1000 mm; actual 0.0815 mm) (B.Cu)
    Rule: board setup constraints; warning
    @(138.6250 mm, 133.0800 mm): Pad 2 [GND] of C67 on B.Cu
    @(131.5000 mm, 57.1735 mm): Zone 'GND pour' [GND] on F.Cu, B.Cu and 3 more, priority 0
[connection_width]: Copper connection too narrow (board setup constraints minimum connection width 0.1000 mm; actual 0.0854 mm) (In2.Cu )
    Rule: board setup constraints; warning
    @(131.5000 mm, 57.1735 mm): Zone 'GND pour' [GND] on F.Cu, B.Cu and 3 more, priority 0
[connection_width]: Copper connection too narrow (board setup constraints minimum connection width 0.1000 mm; actual 0.0319 mm) (In3.Cu (PWR))
    Rule: board setup constraints; warning
    @(130.5000 mm, 56.2500 mm): Zone 'Power Fill 3V3' [+3V3] on In3.Cu (PWR), priority 1
[connection_width]: Copper connection too narrow (board setup constraints minimum connection width 0.1000 mm; actual 0.0765 mm) (In3.Cu (PWR))
    Rule: board setup constraints; warning
    @(130.5000 mm, 56.2500 mm): Zone 'Power Fill 3V3' [+3V3] on In3.Cu (PWR), priority 1
[connection_width]: Copper connection too narrow (board setup constraints minimum connection width 0.1000 mm; actual 0.0571 mm) (In3.Cu (PWR))
    Rule: board setup constraints; warning
    @(130.5000 mm, 56.2500 mm): Zone 'Power Fill 3V3' [+3V3] on In3.Cu (PWR), priority 1
[connection_width]: Copper connection too narrow (board setup constraints minimum connection width 0.1000 mm; actual 0.0651 mm) (B.Cu)
    Rule: board setup constraints; warning
    @(131.5000 mm, 57.1735 mm): Zone 'GND pour' [GND] on F.Cu, B.Cu and 3 more, priority 0
[connection_width]: Copper connection too narrow (board setup constraints minimum connection width 0.1000 mm; actual 0.0336 mm) (B.Cu)
    Rule: board setup constraints; warning
    @(131.5000 mm, 57.1735 mm): Zone 'GND pour' [GND] on F.Cu, B.Cu and 3 more, priority 0
[connection_width]: Copper connection too narrow (board setup constraints minimum connection width 0.1000 mm; actual 0.0257 mm) (B.Cu)
    Rule: board setup constraints; warning
    @(140.2200 mm, 92.1000 mm): Track [GND] on B.Cu, length 0.1300 mm
    @(140.3500 mm, 92.1000 mm): Track [GND] on B.Cu, length 0.5657 mm
[connection_width]: Copper connection too narrow (board setup constraints minimum connection width 0.1000 mm; actual 0.0764 mm) (B.Cu)
    Rule: board setup constraints; warning
    @(131.5000 mm, 57.1735 mm): Zone 'GND pour' [GND] on F.Cu, B.Cu and 3 more, priority 0
[connection_width]: Copper connection too narrow (board setup constraints minimum connection width 0.1000 mm; actual 0.0620 mm) (B.Cu)
    Rule: board setup constraints; warning
    @(131.5000 mm, 57.1735 mm): Zone 'GND pour' [GND] on F.Cu, B.Cu and 3 more, priority 0
[connection_width]: Copper connection too narrow (board setup constraints minimum connection width 0.1000 mm; actual 0.0618 mm) (B.Cu)
    Rule: board setup constraints; warning
    @(151.8800 mm, 74.4000 mm): Pad 2 [GND] of C64 on B.Cu
    @(149.5000 mm, 71.2500 mm): Zone '1V5' [+1V5] on B.Cu, priority 2
[connection_width]: Copper connection too narrow (board setup constraints minimum connection width 0.1000 mm; actual 0.0367 mm) (B.Cu)
    Rule: board setup constraints; warning
    @(151.8700 mm, 71.3350 mm): PTH pad S1 [GND] of J4
    @(149.5000 mm, 71.2500 mm): Zone '1V5' [+1V5] on B.Cu, priority 2
[connection_width]: Copper connection too narrow (board setup constraints minimum connection width 0.1000 mm; actual 0.0171 mm) (B.Cu)
    Rule: board setup constraints; warning
    @(131.5000 mm, 57.1735 mm): Zone 'GND pour' [GND] on F.Cu, B.Cu and 3 more, priority 0
[connection_width]: Copper connection too narrow (board setup constraints minimum connection width 0.1000 mm; actual 0.0634 mm) (B.Cu)
    Rule: board setup constraints; warning
    @(135.4700 mm, 76.3400 mm): Pad 17 [GND] of U17 on B.Cu
    @(131.5000 mm, 57.1735 mm): Zone 'GND pour' [GND] on F.Cu, B.Cu and 3 more, priority 0
[via_dangling]: Via is not connected or connected on only one layer
    Local override; warning
    @(146.6581 mm, 117.2250 mm): Via [/HDMI/HDMI_SDA_5V] on F.Cu - B.Cu
[track_dangling]: Track has unconnected end
    Local override; warning
    @(137.1363 mm, 77.7363 mm): Track [/Artix 7 Banks/QSPI_DQ3] on F.Cu, length 0.0016 mm
[via_dangling]: Via is not connected or connected on only one layer
    Local override; warning
    @(135.6000 mm, 132.7500 mm): Via [+VBUS_3V3] on F.Cu - B.Cu
[via_dangling]: Via is not connected or connected on only one layer
    Local override; warning
    @(135.5750 mm, 133.2000 mm): Via [+VBUS_3V3] on F.Cu - B.Cu
[via_dangling]: Via is not connected or connected on only one layer
    Local override; warning
    @(135.5750 mm, 133.7250 mm): Via [+VBUS_3V3] on F.Cu - B.Cu

** Found 0 unconnected pads **

** Found 0 Footprint errors **

** Ignored checks **
    - Footprint has no courtyard defined
    - Tuning profile track geometries
    - Footprint doesn't match symbol's footprint filters
    - PTH inside courtyard
    - NPTH inside courtyard
    - Footprint component type doesn't match footprint pads

** End of Report **
